year,week,away_team,away_points,home_team,home_points
2011,1,Making Sure You Ain't Last,87.64,Living In a Van By The Rivers,75.22
2011,1,Greatest Show on Turf,121.76,The Real McCoy,133.62
2011,1,Occupy The Endzone,81.64,Maclin on Your Girl,109.26
2011,1,Bro Flacco,121.36,The Arian Brotherhood,95.04
2011,1,lights CAMera action,141.14,Hood niggas,77.56
2011,1,Best in Schaub,98.50,CjCj 30mil,121.66
2011,2,Making Sure You Ain't Last,88.58,lights CAMera action,94.18
2011,2,Occupy The Endzone,71.64,Greatest Show on Turf,134.60
2011,2,The Real McCoy,118.82,Bro Flacco,143.06
2011,2,Maclin on Your Girl,137.08,The Arian Brotherhood,120.50
2011,2,Living In a Van By The Rivers,125.44,Best in Schaub,115.50
2011,2,Hood niggas,106.14,CjCj 30mil,101.04
2011,3,Making Sure You Ain't Last,67.86,Best in Schaub,116.22
2011,3,Greatest Show on Turf,83.62,Bro Flacco,121.16
2011,3,The Arian Brotherhood,118.56,Occupy The Endzone,39.26
2011,3,Maclin on Your Girl,114.06,The Real McCoy,135.30
2011,3,CjCj 30mil,99.50,lights CAMera action,87.26
2011,3,Hood niggas,74.54,Living In a Van By The Rivers,120.40
2011,4,Making Sure You Ain't Last,108.96,CjCj 30mil,109.76
2011,4,The Arian Brotherhood,81.96,Greatest Show on Turf,127.54
2011,4,Bro Flacco,149.30,Maclin on Your Girl,72.52
2011,4,Occupy The Endzone,103.32,The Real McCoy,109.42
2011,4,Best in Schaub,100.82,Hood niggas,92.64
2011,4,lights CAMera action,118.34,Living In a Van By The Rivers,112.32
2011,5,Making Sure You Ain't Last,88.56,Hood niggas,88.66
2011,5,Greatest Show on Turf,68.90,Maclin on Your Girl,75.82
2011,5,The Real McCoy,85.34,The Arian Brotherhood,109.92
2011,5,Occupy The Endzone,99.02,Bro Flacco,111.22
2011,5,Living In a Van By The Rivers,75.80,CjCj 30mil,96.70
2011,5,lights CAMera action,74.82,Best in Schaub,139.16
2011,6,Making Sure You Ain't Last,57.88,Greatest Show on Turf,143.30
2011,6,Living In a Van By The Rivers,42.24,The Real McCoy,111.54
2011,6,lights CAMera action,76.96,Occupy The Endzone,74.90
2011,6,Best in Schaub,101.72,Bro Flacco,105.50
2011,6,CjCj 30mil,68.30,The Arian Brotherhood,97.06
2011,6,Hood niggas,107.60,Maclin on Your Girl,80.94
2011,7,Making Sure You Ain't Last,70.68,The Real McCoy,116.34
2011,7,Occupy The Endzone,99.88,Living In a Van By The Rivers,65.94
2011,7,Bro Flacco,72.60,lights CAMera action,122.70
2011,7,The Arian Brotherhood,74.32,Best in Schaub,75.18
2011,7,Maclin on Your Girl,78.54,CjCj 30mil,104.62
2011,7,Greatest Show on Turf,111.40,Hood niggas,101.36
2011,8,Making Sure You Ain't Last,86.94,Occupy The Endzone,113.86
2011,8,Living In a Van By The Rivers,72.12,Bro Flacco,63.74
2011,8,lights CAMera action,108.64,The Arian Brotherhood,115.62
2011,8,Best in Schaub,94.12,Maclin on Your Girl,66.66
2011,8,CjCj 30mil,97.54,Greatest Show on Turf,102.24
2011,8,Hood niggas,97.26,The Real McCoy,75.84
2011,9,Making Sure You Ain't Last,77.36,Bro Flacco,127.26
2011,9,The Arian Brotherhood,82.36,Living In a Van By The Rivers,121.10
2011,9,Maclin on Your Girl,99.20,lights CAMera action,108.72
2011,9,Greatest Show on Turf,99.62,Best in Schaub,101.44
2011,9,The Real McCoy,121.36,CjCj 30mil,88.16
2011,9,Occupy The Endzone,69.96,Hood niggas,78.70
2011,10,Making Sure You Ain't Last,66.02,The Arian Brotherhood,105.96
2011,10,Living In a Van By The Rivers,87.70,Maclin on Your Girl,109.92
2011,10,lights CAMera action,77.48,Greatest Show on Turf,116.72
2011,10,Best in Schaub,75.62,The Real McCoy,100.04
2011,10,CjCj 30mil,104.50,Occupy The Endzone,109.36
2011,10,Hood niggas,76.24,Bro Flacco,86.50
2011,11,Making Sure You Ain't Last,56.78,Maclin on Your Girl,115.70
2011,11,Greatest Show on Turf,118.44,Living In a Van By The Rivers,101.46
2011,11,The Real McCoy,71.44,lights CAMera action,112.14
2011,11,Occupy The Endzone,101.24,Best in Schaub,67.18
2011,11,Bro Flacco,104.68,CjCj 30mil,78.30
2011,11,The Arian Brotherhood,79.72,Hood niggas,77.38
2011,12,Making Sure You Ain't Last,100.02,Living In a Van By The Rivers,99.36
2011,12,The Real McCoy,99.04,Greatest Show on Turf,96.46
2011,12,Maclin on Your Girl,99.60,Occupy The Endzone,111.58
2011,12,The Arian Brotherhood,102.56,Bro Flacco,122.24
2011,12,Hood niggas,76.20,lights CAMera action,82.04
2011,12,CjCj 30mil,97.64,Best in Schaub,110.70
2011,13,Making Sure You Ain't Last,51.90,lights CAMera action,94.04
2011,13,Greatest Show on Turf,96.30,Occupy The Endzone,72.48
2011,13,Bro Flacco,122.96,The Real McCoy,135.46
2011,13,The Arian Brotherhood,106.50,Maclin on Your Girl,78.38
2011,13,Best in Schaub,107.96,Living In a Van By The Rivers,125.84
2011,13,CjCj 30mil,93.98,Hood niggas,97.64
2011,14,Greatest Show on Turf,139.48,Best in Schaub,107.40
2011,14,lights CAMera action,109.34,The Arian Brotherhood,43.82
2011,15,Bro Flacco,56.76,Greatest Show on Turf,122.30
2011,15,lights CAMera action,77.54,The Real McCoy,132.64
2011,16,Greatest Show on Turf,110.24,The Real McCoy,85.88
2012,1,GreenGrapesWhiteWine,93.52,One Team One Dream,57.90
2012,1,Fuck you JHIGH,96.26,RANDY MOSS THE BOSS HUUAHHHHH,108.54
2012,1,BRO FLACCO,120.92,Michael Bush League,108.88
2012,1,The Romosapiens,124.12,Welker Texas Ranger,95.34
2012,1,McGunnigle - Motley Cruz,91.54,Stephen's Howling in the Wayne,90.94
2012,1,ABC Easy as RGIII,146.66,It's not just Luck,87.68
2012,2,GreenGrapesWhiteWine,117.22,BRO FLACCO,55.88
2012,2,Fuck you JHIGH,78.00,One Team One Dream,101.96
2012,2,RANDY MOSS THE BOSS HUUAHHHHH,78.52,Michael Bush League,104.22
2012,2,McGunnigle - Motley Cruz,91.44,The Romosapiens,116.04
2012,2,Welker Texas Ranger,97.76,ABC Easy as RGIII,123.40
2012,2,Stephen's Howling in the Wayne,85.18,It's not just Luck,113.58
2012,3,GreenGrapesWhiteWine,88.94,RANDY MOSS THE BOSS HUUAHHHHH,96.02
2012,3,One Team One Dream,89.14,BRO FLACCO,91.28
2012,3,Michael Bush League,97.40,Fuck you JHIGH,114.62
2012,3,The Romosapiens,71.38,ABC Easy as RGIII,122.74
2012,3,It's not just Luck,114.50,McGunnigle - Motley Cruz,67.76
2012,3,Stephen's Howling in the Wayne,92.72,Welker Texas Ranger,116.14
2012,4,GreenGrapesWhiteWine,151.52,Fuck you JHIGH,77.34
2012,4,Michael Bush League,76.28,One Team One Dream,101.82
2012,4,BRO FLACCO,85.54,RANDY MOSS THE BOSS HUUAHHHHH,113.28
2012,4,It's not just Luck,89.54,The Romosapiens,82.72
2012,4,ABC Easy as RGIII,90.88,Stephen's Howling in the Wayne,83.76
2012,4,McGunnigle - Motley Cruz,128.18,Welker Texas Ranger,118.14
2012,5,GreenGrapesWhiteWine,128.16,Michael Bush League,73.64
2012,5,One Team One Dream,85.16,RANDY MOSS THE BOSS HUUAHHHHH,86.02
2012,5,Fuck you JHIGH,66.42,BRO FLACCO,76.40
2012,5,The Romosapiens,74.00,Stephen's Howling in the Wayne,132.22
2012,5,Welker Texas Ranger,95.06,It's not just Luck,89.52
2012,5,McGunnigle - Motley Cruz,157.48,ABC Easy as RGIII,111.64
2012,6,GreenGrapesWhiteWine,93.60,Welker Texas Ranger,102.82
2012,6,The Romosapiens,105.78,One Team One Dream,76.88
2012,6,McGunnigle - Motley Cruz,85.28,Fuck you JHIGH,109.30
2012,6,ABC Easy as RGIII,111.38,BRO FLACCO,118.96
2012,6,It's not just Luck,73.70,Michael Bush League,128.24
2012,6,Stephen's Howling in the Wayne,95.16,RANDY MOSS THE BOSS HUUAHHHHH,90.22
2012,7,GreenGrapesWhiteWine,78.76,The Romosapiens,104.94
2012,7,Fuck you JHIGH,80.10,Welker Texas Ranger,79.62
2012,7,BRO FLACCO,53.88,McGunnigle - Motley Cruz,143.48
2012,7,Michael Bush League,86.92,ABC Easy as RGIII,90.22
2012,7,RANDY MOSS THE BOSS HUUAHHHHH,120.88,It's not just Luck,112.26
2012,7,One Team One Dream,74.40,Stephen's Howling in the Wayne,70.80
2012,8,GreenGrapesWhiteWine,67.96,Stephen's Howling in the Wayne,69.50
2012,8,The Romosapiens,103.08,Fuck you JHIGH,69.20
2012,8,Welker Texas Ranger,94.06,BRO FLACCO,56.80
2012,8,McGunnigle - Motley Cruz,102.96,Michael Bush League,97.30
2012,8,ABC Easy as RGIII,86.06,RANDY MOSS THE BOSS HUUAHHHHH,85.12
2012,8,It's not just Luck,79.94,One Team One Dream,119.56
2012,9,GreenGrapesWhiteWine,57.44,It's not just Luck,131.16
2012,9,BRO FLACCO,95.22,The Romosapiens,106.90
2012,9,Michael Bush League,104.88,Welker Texas Ranger,88.00
2012,9,RANDY MOSS THE BOSS HUUAHHHHH,106.30,McGunnigle - Motley Cruz,129.72
2012,9,One Team One Dream,56.30,ABC Easy as RGIII,76.98
2012,9,Fuck you JHIGH,96.72,Stephen's Howling in the Wayne,80.48
2012,10,GreenGrapesWhiteWine,124.36,ABC Easy as RGIII,121.34
2012,10,The Romosapiens,92.16,Michael Bush League,97.82
2012,10,Welker Texas Ranger,99.52,RANDY MOSS THE BOSS HUUAHHHHH,118.78
2012,10,McGunnigle - Motley Cruz,99.76,One Team One Dream,62.16
2012,10,It's not just Luck,76.02,Fuck you JHIGH,73.58
2012,10,Stephen's Howling in the Wayne,105.14,BRO FLACCO,92.02
2012,11,GreenGrapesWhiteWine,100.74,McGunnigle - Motley Cruz,58.86
2012,11,RANDY MOSS THE BOSS HUUAHHHHH,103.78,The Romosapiens,126.54
2012,11,One Team One Dream,56.10,Welker Texas Ranger,90.90
2012,11,Fuck you JHIGH,104.20,ABC Easy as RGIII,88.04
2012,11,BRO FLACCO,47.90,It's not just Luck,88.34
2012,11,Michael Bush League,109.18,Stephen's Howling in the Wayne,113.00
2012,12,GreenGrapesWhiteWine,119.06,One Team One Dream,115.72
2012,12,RANDY MOSS THE BOSS HUUAHHHHH,67.12,Fuck you JHIGH,75.42
2012,12,Michael Bush League,70.30,BRO FLACCO,107.32
2012,12,Welker Texas Ranger,92.28,The Romosapiens,122.58
2012,12,Stephen's Howling in the Wayne,82.00,McGunnigle - Motley Cruz,107.60
2012,12,It's not just Luck,106.64,ABC Easy as RGIII,127.88
2012,13,GreenGrapesWhiteWine,81.48,BRO FLACCO,85.30
2012,13,One Team One Dream,89.82,Fuck you JHIGH,112.58
2012,13,Michael Bush League,90.76,RANDY MOSS THE BOSS HUUAHHHHH,104.00
2012,13,The Romosapiens,102.74,McGunnigle - Motley Cruz,98.76
2012,13,ABC Easy as RGIII,97.42,Welker Texas Ranger,112.04
2012,13,It's not just Luck,123.82,Stephen's Howling in the Wayne,105.32
2012,14,GreenGrapesWhiteWine,120.84,It's not just Luck,140.84
2012,14,McGunnigle - Motley Cruz,121.66,RANDY MOSS THE BOSS HUUAHHHHH,111.16
2012,15,The Romosapiens,114.94,It's not just Luck,100.78
2012,15,McGunnigle - Motley Cruz,108.18,ABC Easy as RGIII,94.30
2012,16,The Romosapiens,90.26,McGunnigle - Motley Cruz,114.68
2013,1,Grandma's Fine Cutlery,117.26,Cooper Clux Clan,42.96
2013,1,The Bush Playoff Push,132.36,Hakuna Ma-Ngata,95.58
2013,1,The Walking Dez,105.20,Wilson and the Volleyballs,95.76
2013,1,Speedo-Licious,128.78,DeMarco Polo,119.68
2013,1,Shady McCoy,108.62,Teenage Newton Ninja Turtles,113.98
2013,1,Wine Her Dine Her 49er,93.14,Saved by the Bell,126.74
2013,2,Grandma's Fine Cutlery,83.90,Shady McCoy,146.08
2013,2,The Walking Dez,112.12,The Bush Playoff Push,124.98
2013,2,Hakuna Ma-Ngata,77.36,Speedo-Licious,110.40
2013,2,Wilson and the Volleyballs,90.16,DeMarco Polo,106.84
2013,2,Teenage Newton Ninja Turtles,92.44,Wine Her Dine Her 49er,83.94
2013,2,Cooper Clux Clan,109.10,Saved by the Bell,93.92
2013,3,Grandma's Fine Cutlery,72.34,Saved by the Bell,70.86
2013,3,The Bush Playoff Push,93.40,Speedo-Licious,90.30
2013,3,DeMarco Polo,107.22,The Walking Dez,110.12
2013,3,Wilson and the Volleyballs,63.94,Hakuna Ma-Ngata,120.12
2013,3,Shady McCoy,108.68,Wine Her Dine Her 49er,79.14
2013,3,Cooper Clux Clan,53.96,Teenage Newton Ninja Turtles,77.72
2013,4,Grandma's Fine Cutlery,69.24,Teenage Newton Ninja Turtles,97.56
2013,4,DeMarco Polo,159.82,The Bush Playoff Push,122.86
2013,4,Speedo-Licious,120.68,Wilson and the Volleyballs,106.98
2013,4,The Walking Dez,92.66,Hakuna Ma-Ngata,123.92
2013,4,Saved by the Bell,110.06,Shady McCoy,91.90
2013,4,Wine Her Dine Her 49er,96.48,Cooper Clux Clan,106.48
2013,5,Grandma's Fine Cutlery,97.88,Wine Her Dine Her 49er,67.32
2013,5,The Bush Playoff Push,75.06,Wilson and the Volleyballs,83.68
2013,5,Hakuna Ma-Ngata,103.32,DeMarco Polo,116.30
2013,5,The Walking Dez,101.48,Speedo-Licious,105.64
2013,5,Shady McCoy,108.50,Cooper Clux Clan,100.20
2013,5,Teenage Newton Ninja Turtles,87.34,Saved by the Bell,104.50
2013,6,Grandma's Fine Cutlery,99.32,The Walking Dez,97.08
2013,6,Shady McCoy,103.18,The Bush Playoff Push,62.48
2013,6,Teenage Newton Ninja Turtles,106.36,Hakuna Ma-Ngata,85.72
2013,6,Wine Her Dine Her 49er,81.74,Speedo-Licious,104.98
2013,6,Saved by the Bell,87.90,DeMarco Polo,120.78
2013,6,Cooper Clux Clan,99.62,Wilson and the Volleyballs,87.24
2013,7,Grandma's Fine Cutlery,78.54,Speedo-Licious,151.84
2013,7,Hakuna Ma-Ngata,76.00,Shady McCoy,109.62
2013,7,The Walking Dez,148.48,Teenage Newton Ninja Turtles,93.32
2013,7,DeMarco Polo,111.34,Wine Her Dine Her 49er,104.92
2013,7,Wilson and the Volleyballs,74.52,Saved by the Bell,96.58
2013,7,The Bush Playoff Push,83.40,Cooper Clux Clan,67.62
2013,8,Grandma's Fine Cutlery,70.56,DeMarco Polo,87.56
2013,8,Shady McCoy,69.38,The Walking Dez,128.04
2013,8,Teenage Newton Ninja Turtles,93.30,Speedo-Licious,95.90
2013,8,Wine Her Dine Her 49er,136.02,Wilson and the Volleyballs,66.74
2013,8,Saved by the Bell,115.14,The Bush Playoff Push,106.84
2013,8,Cooper Clux Clan,57.70,Hakuna Ma-Ngata,93.36
2013,9,Grandma's Fine Cutlery,118.42,Wilson and the Volleyballs,125.86
2013,9,Speedo-Licious,86.00,Shady McCoy,164.66
2013,9,DeMarco Polo,113.24,Teenage Newton Ninja Turtles,86.96
2013,9,The Bush Playoff Push,76.26,Wine Her Dine Her 49er,72.62
2013,9,Hakuna Ma-Ngata,129.46,Saved by the Bell,59.76
2013,9,The Walking Dez,140.48,Cooper Clux Clan,111.74
2013,10,Grandma's Fine Cutlery,105.52,The Bush Playoff Push,64.10
2013,10,Shady McCoy,107.96,DeMarco Polo,96.92
2013,10,Teenage Newton Ninja Turtles,90.40,Wilson and the Volleyballs,56.08
2013,10,Wine Her Dine Her 49er,54.34,Hakuna Ma-Ngata,102.46
2013,10,Saved by the Bell,94.96,The Walking Dez,103.52
2013,10,Cooper Clux Clan,94.40,Speedo-Licious,90.40
2013,11,Grandma's Fine Cutlery,36.76,Hakuna Ma-Ngata,98.40
2013,11,Wilson and the Volleyballs,90.76,Shady McCoy,110.78
2013,11,The Bush Playoff Push,122.26,Teenage Newton Ninja Turtles,117.24
2013,11,The Walking Dez,151.56,Wine Her Dine Her 49er,51.22
2013,11,Speedo-Licious,89.94,Saved by the Bell,98.66
2013,11,DeMarco Polo,68.04,Cooper Clux Clan,91.60
2013,12,Grandma's Fine Cutlery,86.26,Cooper Clux Clan,75.92
2013,12,Hakuna Ma-Ngata,93.24,The Bush Playoff Push,118.72
2013,12,Wilson and the Volleyballs,97.62,The Walking Dez,105.86
2013,12,DeMarco Polo,105.38,Speedo-Licious,98.10
2013,12,Teenage Newton Ninja Turtles,108.26,Shady McCoy,87.54
2013,12,Saved by the Bell,109.32,Wine Her Dine Her 49er,47.30
2013,13,Grandma's Fine Cutlery,87.36,Shady McCoy,97.78
2013,13,The Bush Playoff Push,138.52,The Walking Dez,122.68
2013,13,Speedo-Licious,70.66,Hakuna Ma-Ngata,103.48
2013,13,DeMarco Polo,152.30,Wilson and the Volleyballs,95.08
2013,13,Wine Her Dine Her 49er,58.90,Teenage Newton Ninja Turtles,87.12
2013,13,Saved by the Bell,79.88,Cooper Clux Clan,87.10
2013,14,The Bush Playoff Push,103.04,Teenage Newton Ninja Turtles,74.20
2013,14,The Walking Dez,87.40,Speedo-Licious,145.68
2013,15,DeMarco Polo,90.80,The Bush Playoff Push,153.16
2013,15,Speedo-Licious,124.60,Shady McCoy,153.50
2013,16,The Bush Playoff Push,64.64,Shady McCoy,107.92
2014,1,Another Hillarious Season,66.62,Cooper Clux Clan,124.18
2014,1,Struggle City,106.96,Beats by Tre,156.40
2014,1,The Inconvenient Truth,90.96,The Real Slim Brady,61.98
2014,1,Cops and Rodgers,93.86,Switches and Bitches,93.92
2014,1,Flaccoroni and Cheese,122.16,the full Nelson,105.64
2014,1,Manning United FC,91.98,The Real McCoy,94.94
2014,2,Another Hillarious Season,65.68,Cops and Rodgers,140.16
2014,2,Beats by Tre,103.76,The Real McCoy,85.46
2014,2,Cooper Clux Clan,82.44,Flaccoroni and Cheese,87.58
2014,2,The Real Slim Brady,72.64,Struggle City,78.56
2014,2,Manning United FC,108.46,The Inconvenient Truth,125.60
2014,2,the full Nelson,104.46,Switches and Bitches,132.78
2014,3,Another Hillarious Season,85.48,Flaccoroni and Cheese,75.58
2014,3,the full Nelson,78.60,Cops and Rodgers,86.60
2014,3,The Real McCoy,88.98,The Real Slim Brady,101.14
2014,3,Manning United FC,96.34,Beats by Tre,85.00
2014,3,Struggle City,86.58,The Inconvenient Truth,76.98
2014,3,Switches and Bitches,121.56,Cooper Clux Clan,75.74
2014,4,Another Hillarious Season,114.08,the full Nelson,87.80
2014,4,Cooper Clux Clan,103.40,Cops and Rodgers,137.84
2014,4,Switches and Bitches,101.12,Flaccoroni and Cheese,132.72
2014,4,Struggle City,52.00,Manning United FC,84.38
2014,4,The Inconvenient Truth,109.10,The Real McCoy,106.80
2014,4,The Real Slim Brady,64.64,Beats by Tre,83.50
2014,5,Another Hillarious Season,77.28,Switches and Bitches,117.06
2014,5,Manning United FC,97.12,The Real Slim Brady,118.88
2014,5,Cooper Clux Clan,87.04,the full Nelson,97.54
2014,5,Cops and Rodgers,89.88,Flaccoroni and Cheese,116.36
2014,5,The Inconvenient Truth,68.94,Beats by Tre,103.64
2014,5,Struggle City,85.76,The Real McCoy,101.84
2014,6,Another Hillarious Season,95.66,Manning United FC,99.24
2014,6,Beats by Tre,88.32,Cooper Clux Clan,90.72
2014,6,The Real Slim Brady,82.52,Flaccoroni and Cheese,113.88
2014,6,Struggle City,67.26,Cops and Rodgers,104.46
2014,6,The Inconvenient Truth,104.94,Switches and Bitches,84.36
2014,6,The Real McCoy,90.88,the full Nelson,152.38
2014,7,Another Hillarious Season,102.66,Beats by Tre,98.18
2014,7,the full Nelson,83.82,The Real Slim Brady,103.76
2014,7,Struggle City,66.24,Cooper Clux Clan,81.00
2014,7,Cops and Rodgers,89.72,The Inconvenient Truth,63.78
2014,7,The Real McCoy,129.78,Switches and Bitches,93.76
2014,7,Manning United FC,83.22,Flaccoroni and Cheese,103.32
2014,8,Another Hillarious Season,118.80,The Inconvenient Truth,101.54
2014,8,Flaccoroni and Cheese,76.88,Beats by Tre,131.40
2014,8,Cops and Rodgers,134.02,The Real McCoy,175.42
2014,8,Struggle City,89.10,the full Nelson,83.46
2014,8,The Real Slim Brady,143.32,Cooper Clux Clan,96.38
2014,8,Switches and Bitches,101.28,Manning United FC,94.88
2014,9,Another Hillarious Season,101.66,The Real Slim Brady,120.44
2014,9,Beats by Tre,102.56,Cops and Rodgers,77.36
2014,9,The Real McCoy,115.58,Flaccoroni and Cheese,77.92
2014,9,Struggle City,87.96,Switches and Bitches,94.56
2014,9,the full Nelson,69.62,Manning United FC,117.92
2014,9,The Inconvenient Truth,86.92,Cooper Clux Clan,115.42
2014,10,Another Hillarious Season,102.08,Struggle City,122.16
2014,10,Cooper Clux Clan,46.04,The Real McCoy,100.00
2014,10,Switches and Bitches,112.76,The Real Slim Brady,71.88
2014,10,the full Nelson,98.94,Beats by Tre,84.10
2014,10,The Inconvenient Truth,94.74,Flaccoroni and Cheese,102.74
2014,10,Cops and Rodgers,91.32,Manning United FC,127.24
2014,11,Another Hillarious Season,111.44,The Real McCoy,77.86
2014,11,The Real Slim Brady,75.54,Cops and Rodgers,104.46
2014,11,Manning United FC,86.40,Cooper Clux Clan,75.72
2014,11,Flaccoroni and Cheese,92.52,Struggle City,123.04
2014,11,the full Nelson,100.20,The Inconvenient Truth,72.94
2014,11,Switches and Bitches,61.54,Beats by Tre,96.02
2014,12,Another Hillarious Season,110.36,the full Nelson,76.50
2014,12,Beats by Tre,108.94,Manning United FC,151.96
2014,12,The Real McCoy,111.46,The Inconvenient Truth,84.16
2014,12,Cops and Rodgers,85.24,Flaccoroni and Cheese,71.32
2014,12,The Real Slim Brady,78.24,Struggle City,130.58
2014,12,Switches and Bitches,117.70,Cooper Clux Clan,79.76
2014,13,Another Hillarious Season,71.12,Flaccoroni and Cheese,114.50
2014,13,The Real McCoy,103.90,Manning United FC,99.44
2014,13,Struggle City,131.96,The Inconvenient Truth,115.76
2014,13,the full Nelson,91.24,Switches and Bitches,102.36
2014,13,The Real Slim Brady,120.28,Beats by Tre,165.56
2014,13,Cops and Rodgers,104.72,Cooper Clux Clan,67.60
2014,14,Cops and Rodgers,71.84,Flaccoroni and Cheese,140.50
2014,14,The Real McCoy,115.42,Manning United FC,75.46
2014,15,Switches and Bitches,117.60,Flaccoroni and Cheese,83.20
2014,15,The Real McCoy,90.56,Beats by Tre,136.02
2014,16,Switches and Bitches,109.00,Beats by Tre,107.32
2015,1,Mark Instagram It,107.86,Lynch Don't Kill My Vibe,100.36
2015,1,Ridin Dirty in the DMC,105.46,TEFLON TOM,125.06
2015,1,Yippee Kai A Justin Tucker,81.70,Saved by the Bell,66.64
2015,1,Hyde your Kids Hyde your Wife,123.72,Don't Vontaze Me Breaux,92.42
2015,1,Edward ForteHands,124.24,Valar Almorris,79.74
2015,1,Gronk if you have RB Blues,123.48,Welcome to the Space Jameis,83.70
2015,2,Mark Instagram It,81.74,Edward ForteHands,65.54
2015,2,Yippee Kai A Justin Tucker,101.14,Ridin Dirty in the DMC,89.52
2015,2,TEFLON TOM,72.04,Hyde your Kids Hyde your Wife,76.60
2015,2,Saved by the Bell,98.34,Don't Vontaze Me Breaux,97.72
2015,2,Lynch Don't Kill My Vibe,67.48,Gronk if you have RB Blues,99.10
2015,2,Valar Almorris,98.46,Welcome to the Space Jameis,135.08
2015,3,Mark Instagram It,141.54,Gronk if you have RB Blues,91.58
2015,3,Ridin Dirty in the DMC,130.58,Hyde your Kids Hyde your Wife,60.88
2015,3,Don't Vontaze Me Breaux,79.96,Yippee Kai A Justin Tucker,122.30
2015,3,Saved by the Bell,116.84,TEFLON TOM,84.56
2015,3,Welcome to the Space Jameis,150.04,Edward ForteHands,95.96
2015,3,Valar Almorris,87.40,Lynch Don't Kill My Vibe,112.08
2015,4,Mark Instagram It,94.42,Welcome to the Space Jameis,90.54
2015,4,Don't Vontaze Me Breaux,95.72,Ridin Dirty in the DMC,95.44
2015,4,Hyde your Kids Hyde your Wife,70.32,Saved by the Bell,63.24
2015,4,Yippee Kai A Justin Tucker,87.12,TEFLON TOM,94.98
2015,4,Gronk if you have RB Blues,108.16,Valar Almorris,54.20
2015,4,Edward ForteHands,72.60,Lynch Don't Kill My Vibe,81.34
2015,5,Mark Instagram It,89.96,Valar Almorris,122.88
2015,5,Ridin Dirty in the DMC,82.52,Saved by the Bell,74.72
2015,5,TEFLON TOM,81.56,Don't Vontaze Me Breaux,94.50
2015,5,Yippee Kai A Justin Tucker,105.26,Hyde your Kids Hyde your Wife,101.24
2015,5,Lynch Don't Kill My Vibe,83.56,Welcome to the Space Jameis,142.74
2015,5,Edward ForteHands,84.74,Gronk if you have RB Blues,79.04
2015,6,Mark Instagram It,92.38,Ridin Dirty in the DMC,114.82
2015,6,Lynch Don't Kill My Vibe,95.06,TEFLON TOM,124.68
2015,6,Edward ForteHands,120.52,Yippee Kai A Justin Tucker,90.30
2015,6,Gronk if you have RB Blues,106.06,Hyde your Kids Hyde your Wife,83.28
2015,6,Welcome to the Space Jameis,106.18,Don't Vontaze Me Breaux,86.22
2015,6,Valar Almorris,98.10,Saved by the Bell,95.72
2015,7,Mark Instagram It,88.62,TEFLON TOM,170.24
2015,7,Yippee Kai A Justin Tucker,82.70,Lynch Don't Kill My Vibe,102.90
2015,7,Hyde your Kids Hyde your Wife,94.04,Edward ForteHands,72.14
2015,7,Don't Vontaze Me Breaux,107.14,Gronk if you have RB Blues,106.22
2015,7,Saved by the Bell,104.46,Welcome to the Space Jameis,81.76
2015,7,Ridin Dirty in the DMC,148.10,Valar Almorris,83.42
2015,8,Mark Instagram It,132.28,Yippee Kai A Justin Tucker,101.80
2015,8,Lynch Don't Kill My Vibe,99.50,Hyde your Kids Hyde your Wife,101.02
2015,8,Edward ForteHands,57.42,Don't Vontaze Me Breaux,108.88
2015,8,Gronk if you have RB Blues,82.94,Saved by the Bell,84.46
2015,8,Welcome to the Space Jameis,102.10,Ridin Dirty in the DMC,93.34
2015,8,Valar Almorris,146.12,TEFLON TOM,117.52
2015,9,Mark Instagram It,78.08,Hyde your Kids Hyde your Wife,85.56
2015,9,Don't Vontaze Me Breaux,102.58,Lynch Don't Kill My Vibe,55.82
2015,9,Saved by the Bell,100.08,Edward ForteHands,114.14
2015,9,Ridin Dirty in the DMC,105.04,Gronk if you have RB Blues,93.46
2015,9,TEFLON TOM,89.42,Welcome to the Space Jameis,150.46
2015,9,Yippee Kai A Justin Tucker,104.10,Valar Almorris,88.68
2015,10,Mark Instagram It,99.04,Don't Vontaze Me Breaux,103.96
2015,10,Lynch Don't Kill My Vibe,90.62,Saved by the Bell,68.98
2015,10,Edward ForteHands,77.54,Ridin Dirty in the DMC,85.22
2015,10,Gronk if you have RB Blues,90.06,TEFLON TOM,79.36
2015,10,Welcome to the Space Jameis,102.64,Yippee Kai A Justin Tucker,75.80
2015,10,Valar Almorris,127.72,Hyde your Kids Hyde your Wife,71.42
2015,11,Mark Instagram It,87.42,Saved by the Bell,91.10
2015,11,Ridin Dirty in the DMC,98.80,Lynch Don't Kill My Vibe,89.00
2015,11,TEFLON TOM,102.16,Edward ForteHands,89.12
2015,11,Yippee Kai A Justin Tucker,70.64,Gronk if you have RB Blues,68.74
2015,11,Hyde your Kids Hyde your Wife,90.42,Welcome to the Space Jameis,123.38
2015,11,Don't Vontaze Me Breaux,68.24,Valar Almorris,65.52
2015,12,Mark Instagram It,84.68,Lynch Don't Kill My Vibe,101.90
2015,12,TEFLON TOM,93.78,Ridin Dirty in the DMC,132.12
2015,12,Saved by the Bell,116.38,Yippee Kai A Justin Tucker,100.28
2015,12,Don't Vontaze Me Breaux,120.98,Hyde your Kids Hyde your Wife,79.90
2015,12,Valar Almorris,112.74,Edward ForteHands,97.92
2015,12,Welcome to the Space Jameis,113.72,Gronk if you have RB Blues,121.12
2015,13,Mark Instagram It,108.74,Edward ForteHands,76.82
2015,13,Ridin Dirty in the DMC,82.74,Yippee Kai A Justin Tucker,143.86
2015,13,Hyde your Kids Hyde your Wife,101.34,TEFLON TOM,100.20
2015,13,Don't Vontaze Me Breaux,75.26,Saved by the Bell,95.22
2015,13,Gronk if you have RB Blues,107.18,Lynch Don't Kill My Vibe,138.90
2015,13,Welcome to the Space Jameis,121.92,Valar Almorris,96.96
2015,14,Yippee Kai A Justin Tucker,80.86,Saved by the Bell,82.44
2015,14,Don't Vontaze Me Breaux,125.54,Hyde your Kids Hyde your Wife,78.78
2015,15,Welcome to the Space Jameis,107.22,Saved by the Bell,99.10
2015,15,Don't Vontaze Me Breaux,88.60,Ridin Dirty in the DMC,120.60
2015,16,Welcome to the Space Jameis,103.38,Ridin Dirty in the DMC,121.50
2016,1,JEFFERY,85.36,Zeke Squad,103.70
2016,1,Devonta FreeDatMan,61.10,Run LGB,97.56
2016,1,Ware and ACL Tears,119.76,The Law Offices of Ryan n Ryan,117.50
2016,1,Cooper's Hall,111.00,Water under the Bridgewater,108.86
2016,1,Yippee Kai A Justin Tucker,110.86,The Forte Year Old Virgin,128.12
2016,1,Cam On Em 1 Time,105.96,Dak to the Future,89.04
2016,2,JEFFERY,110.26,Yippee Kai A Justin Tucker,91.56
2016,2,Ware and ACL Tears,85.86,Devonta FreeDatMan,93.98
2016,2,Run LGB,107.22,Cooper's Hall,77.12
2016,2,The Law Offices of Ryan n Ryan,91.04,Water under the Bridgewater,89.92
2016,2,Zeke Squad,102.40,Cam On Em 1 Time,89.46
2016,2,The Forte Year Old Virgin,113.62,Dak to the Future,81.70
2016,3,JEFFERY,86.02,Cam On Em 1 Time,111.50
2016,3,Devonta FreeDatMan,120.58,Cooper's Hall,74.44
2016,3,Water under the Bridgewater,69.64,Ware and ACL Tears,112.54
2016,3,The Law Offices of Ryan n Ryan,83.38,Run LGB,104.64
2016,3,Dak to the Future,104.52,Yippee Kai A Justin Tucker,83.52
2016,3,The Forte Year Old Virgin,118.94,Zeke Squad,64.70
2016,4,JEFFERY,94.86,Dak to the Future,78.82
2016,4,Water under the Bridgewater,108.92,Devonta FreeDatMan,114.04
2016,4,Cooper's Hall,114.98,The Law Offices of Ryan n Ryan,101.54
2016,4,Ware and ACL Tears,75.94,Run LGB,93.88
2016,4,Cam On Em 1 Time,105.26,The Forte Year Old Virgin,91.60
2016,4,Yippee Kai A Justin Tucker,89.48,Zeke Squad,95.88
2016,5,JEFFERY,106.92,The Forte Year Old Virgin,115.68
2016,5,Devonta FreeDatMan,89.50,The Law Offices of Ryan n Ryan,124.42
2016,5,Run LGB,92.56,Water under the Bridgewater,99.26
2016,5,Ware and ACL Tears,57.58,Cooper's Hall,106.42
2016,5,Zeke Squad,114.94,Dak to the Future,128.90
2016,5,Yippee Kai A Justin Tucker,88.14,Cam On Em 1 Time,94.68
2016,6,JEFFERY,101.64,Devonta FreeDatMan,84.82
2016,6,Zeke Squad,94.26,Run LGB,94.68
2016,6,Yippee Kai A Justin Tucker,131.58,Ware and ACL Tears,97.92
2016,6,Cam On Em 1 Time,97.22,Cooper's Hall,70.60
2016,6,Dak to the Future,153.10,Water under the Bridgewater,81.52
2016,6,The Forte Year Old Virgin,117.80,The Law Offices of Ryan n Ryan,83.66
2016,7,JEFFERY,68.42,Run LGB,112.34
2016,7,Ware and ACL Tears,116.44,Zeke Squad,91.42
2016,7,Cooper's Hall,77.26,Yippee Kai A Justin Tucker,85.40
2016,7,Water under the Bridgewater,89.00,Cam On Em 1 Time,92.44
2016,7,The Law Offices of Ryan n Ryan,113.06,Dak to the Future,96.32
2016,7,Devonta FreeDatMan,95.36,The Forte Year Old Virgin,131.62
2016,8,JEFFERY,74.30,Ware and ACL Tears,84.46
2016,8,Zeke Squad,124.88,Cooper's Hall,115.66
2016,8,Yippee Kai A Justin Tucker,74.70,Water under the Bridgewater,90.70
2016,8,Cam On Em 1 Time,102.78,The Law Offices of Ryan n Ryan,90.56
2016,8,Dak to the Future,132.54,Devonta FreeDatMan,89.04
2016,8,The Forte Year Old Virgin,107.58,Run LGB,89.62
2016,9,JEFFERY,85.60,Cooper's Hall,124.54
2016,9,Water under the Bridgewater,79.36,Zeke Squad,76.24
2016,9,The Law Offices of Ryan n Ryan,63.96,Yippee Kai A Justin Tucker,91.36
2016,9,Devonta FreeDatMan,91.40,Cam On Em 1 Time,115.76
2016,9,Run LGB,112.20,Dak to the Future,139.06
2016,9,Ware and ACL Tears,70.52,The Forte Year Old Virgin,100.18
2016,10,JEFFERY,62.90,Water under the Bridgewater,80.82
2016,10,Zeke Squad,103.96,The Law Offices of Ryan n Ryan,95.04
2016,10,Yippee Kai A Justin Tucker,127.18,Devonta FreeDatMan,96.58
2016,10,Cam On Em 1 Time,81.62,Run LGB,112.78
2016,10,Dak to the Future,104.78,Ware and ACL Tears,111.00
2016,10,The Forte Year Old Virgin,105.22,Cooper's Hall,104.66
2016,11,JEFFERY,88.00,The Law Offices of Ryan n Ryan,79.34
2016,11,Devonta FreeDatMan,73.66,Zeke Squad,117.58
2016,11,Run LGB,114.62,Yippee Kai A Justin Tucker,88.90
2016,11,Ware and ACL Tears,68.00,Cam On Em 1 Time,72.12
2016,11,Cooper's Hall,72.06,Dak to the Future,105.84
2016,11,Water under the Bridgewater,89.88,The Forte Year Old Virgin,74.72
2016,12,JEFFERY,130.14,Zeke Squad,106.02
2016,12,Run LGB,93.60,Devonta FreeDatMan,114.28
2016,12,The Law Offices of Ryan n Ryan,109.50,Ware and ACL Tears,71.16
2016,12,Water under the Bridgewater,88.14,Cooper's Hall,79.98
2016,12,The Forte Year Old Virgin,130.78,Yippee Kai A Justin Tucker,114.60
2016,12,Dak to the Future,130.16,Cam On Em 1 Time,120.84
2016,13,JEFFERY,89.94,Yippee Kai A Justin Tucker,82.84
2016,13,Devonta FreeDatMan,104.04,Ware and ACL Tears,91.84
2016,13,Cooper's Hall,110.40,Run LGB,67.14
2016,13,Water under the Bridgewater,108.94,The Law Offices of Ryan n Ryan,95.66
2016,13,Cam On Em 1 Time,82.38,Zeke Squad,103.18
2016,13,Dak to the Future,103.22,The Forte Year Old Virgin,98.08
2016,14,Run LGB,82.12,Zeke Squad,85.78
2016,14,Dak to the Future,83.82,Water under the Bridgewater,137.28
2016,15,The Forte Year Old Virgin,106.50,Zeke Squad,87.20
2016,15,Water under the Bridgewater,100.78,Cam On Em 1 Time,76.68
2016,16,The Forte Year Old Virgin,98.90,Water under the Bridgewater,120.88
2017,1,JEFFERY,98.66,Hurricane Ajayi,59.66
2017,1,In Zeke We Trust,71.62,Cooks Me Baby One More Time,83.52
2017,1,Yippee Kai A Justin Tucker,95.12,Got my Siemian on Kelce,57.98
2017,1,Water under the Bridgewater,93.48,Jaboo Coming Thru,95.00
2017,1,Inglorious Staffords,114.58,Get Your Tyreek On,102.98
2017,1,Jaqen Hgharoppolo,82.90,Mayfield's Bakery,79.74
2017,2,JEFFERY,107.08,Jaqen Hgharoppolo,100.80
2017,2,Yippee Kai A Justin Tucker,115.72,In Zeke We Trust,73.30
2017,2,Cooks Me Baby One More Time,64.76,Water under the Bridgewater,78.56
2017,2,Got my Siemian on Kelce,102.28,Jaboo Coming Thru,89.70
2017,2,Inglorious Staffords,110.74,Hurricane Ajayi,83.44
2017,2,Get Your Tyreek On,90.54,Mayfield's Bakery,111.00
2017,3,JEFFERY,141.00,Get Your Tyreek On,119.74
2017,3,In Zeke We Trust,89.10,Water under the Bridgewater,76.86
2017,3,Jaboo Coming Thru,73.90,Yippee Kai A Justin Tucker,76.14
2017,3,Got my Siemian on Kelce,85.92,Cooks Me Baby One More Time,109.44
2017,3,Hurricane Ajayi,71.60,Jaqen Hgharoppolo,100.84
2017,3,Mayfield's Bakery,90.20,Inglorious Staffords,119.50
2017,4,JEFFERY,120.78,Inglorious Staffords,76.18
2017,4,Jaboo Coming Thru,111.76,In Zeke We Trust,113.28
2017,4,Water under the Bridgewater,107.72,Got my Siemian on Kelce,91.94
2017,4,Yippee Kai A Justin Tucker,81.12,Cooks Me Baby One More Time,52.00
2017,4,Mayfield's Bakery,111.52,Hurricane Ajayi,96.44
2017,4,Jaqen Hgharoppolo,94.82,Get Your Tyreek On,78.16
2017,5,JEFFERY,65.36,Mayfield's Bakery,86.70
2017,5,In Zeke We Trust,78.98,Got my Siemian on Kelce,116.06
2017,5,Cooks Me Baby One More Time,80.14,Jaboo Coming Thru,128.58
2017,5,Yippee Kai A Justin Tucker,83.14,Water under the Bridgewater,55.44
2017,5,Hurricane Ajayi,75.12,Get Your Tyreek On,93.26
2017,5,Inglorious Staffords,74.16,Jaqen Hgharoppolo,102.90
2017,6,JEFFERY,94.16,Cooks Me Baby One More Time,98.32
2017,6,Hurricane Ajayi,87.62,In Zeke We Trust,112.28
2017,6,Inglorious Staffords,89.10,Yippee Kai A Justin Tucker,63.56
2017,6,Jaqen Hgharoppolo,126.40,Water under the Bridgewater,67.72
2017,6,Mayfield's Bakery,81.04,Jaboo Coming Thru,78.36
2017,6,Get Your Tyreek On,93.12,Got my Siemian on Kelce,105.12
2017,7,JEFFERY,116.82,Yippee Kai A Justin Tucker,91.30
2017,7,Cooks Me Baby One More Time,78.78,Hurricane Ajayi,78.20
2017,7,Water under the Bridgewater,73.48,Inglorious Staffords,101.74
2017,7,Jaboo Coming Thru,71.48,Jaqen Hgharoppolo,100.84
2017,7,Got my Siemian on Kelce,75.08,Mayfield's Bakery,92.26
2017,7,In Zeke We Trust,120.92,Get Your Tyreek On,135.44
2017,8,JEFFERY,93.72,Water under the Bridgewater,97.26
2017,8,Hurricane Ajayi,84.14,Yippee Kai A Justin Tucker,104.52
2017,8,Inglorious Staffords,90.34,Jaboo Coming Thru,64.52
2017,8,Jaqen Hgharoppolo,72.70,Got my Siemian on Kelce,104.86
2017,8,Mayfield's Bakery,106.58,In Zeke We Trust,75.34
2017,8,Get Your Tyreek On,105.12,Cooks Me Baby One More Time,87.32
2017,9,JEFFERY,135.40,Jaboo Coming Thru,60.60
2017,9,Water under the Bridgewater,67.82,Hurricane Ajayi,100.26
2017,9,Got my Siemian on Kelce,83.54,Inglorious Staffords,95.36
2017,9,In Zeke We Trust,77.16,Jaqen Hgharoppolo,77.48
2017,9,Cooks Me Baby One More Time,62.28,Mayfield's Bakery,99.10
2017,9,Yippee Kai A Justin Tucker,81.62,Get Your Tyreek On,95.80
2017,10,JEFFERY,109.28,Got my Siemian on Kelce,76.22
2017,10,Hurricane Ajayi,113.84,Jaboo Coming Thru,78.38
2017,10,Inglorious Staffords,76.62,In Zeke We Trust,103.02
2017,10,Jaqen Hgharoppolo,81.58,Cooks Me Baby One More Time,107.10
2017,10,Mayfield's Bakery,115.38,Yippee Kai A Justin Tucker,69.82
2017,10,Get Your Tyreek On,74.88,Water under the Bridgewater,80.84
2017,11,JEFFERY,83.30,In Zeke We Trust,49.18
2017,11,Got my Siemian on Kelce,105.02,Hurricane Ajayi,93.12
2017,11,Cooks Me Baby One More Time,108.06,Inglorious Staffords,124.92
2017,11,Yippee Kai A Justin Tucker,121.24,Jaqen Hgharoppolo,88.78
2017,11,Water under the Bridgewater,81.86,Mayfield's Bakery,123.48
2017,11,Jaboo Coming Thru,127.14,Get Your Tyreek On,95.28
2017,12,JEFFERY,114.22,Hurricane Ajayi,100.84
2017,12,Cooks Me Baby One More Time,110.94,In Zeke We Trust,86.90
2017,12,Got my Siemian on Kelce,61.04,Yippee Kai A Justin Tucker,82.44
2017,12,Jaboo Coming Thru,113.28,Water under the Bridgewater,86.64
2017,12,Get Your Tyreek On,59.40,Inglorious Staffords,114.20
2017,12,Mayfield's Bakery,120.62,Jaqen Hgharoppolo,108.02
2017,13,JEFFERY,107.38,Jaqen Hgharoppolo,76.92
2017,13,In Zeke We Trust,78.00,Yippee Kai A Justin Tucker,116.08
2017,13,Water under the Bridgewater,118.54,Cooks Me Baby One More Time,111.24
2017,13,Jaboo Coming Thru,138.26,Got my Siemian on Kelce,110.20
2017,13,Hurricane Ajayi,92.20,Inglorious Staffords,90.94
2017,13,Mayfield's Bakery,86.40,Get Your Tyreek On,83.20
2017,14,Yippee Kai A Justin Tucker,65.06,Jaqen Hgharoppolo,138.38
2017,14,Inglorious Staffords,104.86,Cooks Me Baby One More Time,69.48
2017,15,Mayfield's Bakery,116.08,Jaqen Hgharoppolo,106.64
2017,15,Inglorious Staffords,123.24,JEFFERY,110.78
2017,16,Mayfield's Bakery,85.76,Inglorious Staffords,76.84
2018,1,JEFFERY,125.36,Spice Gurley,124.20
2018,1,JuJuJuliooooo,107.24,Dakstreet's Back,149.78
2018,1,Bottom Feeder Baby,102.70,Max 30 characters No profanity,110.30
2018,1,MAN FUQ KJEMP,91.96,Fournetteflix and Chill,113.76
2018,1,Stone Cold Kittle,129.04,Hotel-Odell-Golladay Inn,72.94
2018,1,Bros Exposing Lying Hoz,123.10,Mayfield's Bakery,114.40
2018,2,JEFFERY,133.44,JuJuJuliooooo,117.78
2018,2,Spice Gurley,162.32,Bottom Feeder Baby,110.10
2018,2,Dakstreet's Back,111.46,Max 30 characters No profanity,97.40
2018,2,Stone Cold Kittle,117.74,MAN FUQ KJEMP,141.84
2018,2,Fournetteflix and Chill,96.08,Bros Exposing Lying Hoz,104.94
2018,2,Hotel-Odell-Golladay Inn,128.96,Mayfield's Bakery,133.80
2018,3,JEFFERY,121.44,Bottom Feeder Baby,114.82
2018,3,Max 30 characters No profanity,102.20,JuJuJuliooooo,118.20
2018,3,Dakstreet's Back,85.66,Spice Gurley,113.82
2018,3,MAN FUQ KJEMP,141.90,Bros Exposing Lying Hoz,101.00
2018,3,Mayfield's Bakery,112.64,Stone Cold Kittle,114.16
2018,3,Hotel-Odell-Golladay Inn,87.98,Fournetteflix and Chill,65.60
2018,4,JEFFERY,110.24,Max 30 characters No profanity,96.18
2018,4,Bottom Feeder Baby,120.56,Dakstreet's Back,153.88
2018,4,JuJuJuliooooo,142.10,Spice Gurley,90.66
2018,4,Mayfield's Bakery,148.36,MAN FUQ KJEMP,137.06
2018,4,Bros Exposing Lying Hoz,84.78,Hotel-Odell-Golladay Inn,116.18
2018,4,Stone Cold Kittle,149.72,Fournetteflix and Chill,99.20
2018,5,JEFFERY,99.64,Dakstreet's Back,109.38
2018,5,Spice Gurley,131.42,Max 30 characters No profanity,144.68
2018,5,JuJuJuliooooo,91.30,Bottom Feeder Baby,135.22
2018,5,MAN FUQ KJEMP,81.24,Hotel-Odell-Golladay Inn,91.28
2018,5,Fournetteflix and Chill,134.98,Mayfield's Bakery,126.86
2018,5,Stone Cold Kittle,116.44,Bros Exposing Lying Hoz,113.00
2018,6,JEFFERY,135.44,MAN FUQ KJEMP,90.34
2018,6,Fournetteflix and Chill,115.56,Spice Gurley,97.08
2018,6,Stone Cold Kittle,120.94,JuJuJuliooooo,78.20
2018,6,Bros Exposing Lying Hoz,148.66,Bottom Feeder Baby,95.90
2018,6,Mayfield's Bakery,129.52,Max 30 characters No profanity,121.44
2018,6,Hotel-Odell-Golladay Inn,128.90,Dakstreet's Back,149.40
2018,7,JEFFERY,137.44,Hotel-Odell-Golladay Inn,101.34
2018,7,Spice Gurley,108.90,MAN FUQ KJEMP,128.74
2018,7,JuJuJuliooooo,97.48,Fournetteflix and Chill,155.26
2018,7,Bottom Feeder Baby,113.66,Stone Cold Kittle,130.54
2018,7,Max 30 characters No profanity,90.84,Bros Exposing Lying Hoz,101.60
2018,7,Dakstreet's Back,140.14,Mayfield's Bakery,127.48
2018,8,JEFFERY,111.78,Mayfield's Bakery,121.06
2018,8,MAN FUQ KJEMP,92.30,JuJuJuliooooo,119.98
2018,8,Fournetteflix and Chill,144.36,Bottom Feeder Baby,111.30
2018,8,Stone Cold Kittle,141.34,Max 30 characters No profanity,107.60
2018,8,Bros Exposing Lying Hoz,108.54,Dakstreet's Back,118.12
2018,8,Hotel-Odell-Golladay Inn,115.00,Spice Gurley,127.52
2018,9,JEFFERY,113.68,Bros Exposing Lying Hoz,140.96
2018,9,Bottom Feeder Baby,118.00,MAN FUQ KJEMP,152.94
2018,9,Max 30 characters No profanity,122.72,Fournetteflix and Chill,94.76
2018,9,Dakstreet's Back,86.42,Stone Cold Kittle,106.08
2018,9,Spice Gurley,59.46,Mayfield's Bakery,123.06
2018,9,JuJuJuliooooo,128.36,Hotel-Odell-Golladay Inn,80.30
2018,10,JEFFERY,142.76,Stone Cold Kittle,175.28
2018,10,MAN FUQ KJEMP,120.20,Max 30 characters No profanity,103.16
2018,10,Fournetteflix and Chill,93.64,Dakstreet's Back,83.66
2018,10,Bros Exposing Lying Hoz,108.10,Spice Gurley,113.50
2018,10,Mayfield's Bakery,116.34,JuJuJuliooooo,60.92
2018,10,Hotel-Odell-Golladay Inn,131.42,Bottom Feeder Baby,148.08
2018,11,JEFFERY,171.42,Fournetteflix and Chill,98.46
2018,11,Dakstreet's Back,99.28,MAN FUQ KJEMP,110.56
2018,11,Spice Gurley,91.16,Stone Cold Kittle,81.60
2018,11,JuJuJuliooooo,93.68,Bros Exposing Lying Hoz,110.90
2018,11,Bottom Feeder Baby,113.42,Mayfield's Bakery,107.66
2018,11,Max 30 characters No profanity,147.80,Hotel-Odell-Golladay Inn,96.80
2018,12,JEFFERY,107.28,Spice Gurley,89.84
2018,12,Dakstreet's Back,134.86,JuJuJuliooooo,140.70
2018,12,Max 30 characters No profanity,92.24,Bottom Feeder Baby,126.66
2018,12,Fournetteflix and Chill,167.18,MAN FUQ KJEMP,107.86
2018,12,Hotel-Odell-Golladay Inn,100.90,Stone Cold Kittle,149.26
2018,12,Mayfield's Bakery,104.00,Bros Exposing Lying Hoz,143.18
2018,13,JEFFERY,117.10,JuJuJuliooooo,96.46
2018,13,Bottom Feeder Baby,102.78,Spice Gurley,116.38
2018,13,Max 30 characters No profanity,105.28,Dakstreet's Back,85.20
2018,13,MAN FUQ KJEMP,93.38,Stone Cold Kittle,116.78
2018,13,Bros Exposing Lying Hoz,113.78,Fournetteflix and Chill,130.70
2018,13,Mayfield's Bakery,102.08,Hotel-Odell-Golladay Inn,96.78
2018,14,Mayfield's Bakery,130.70,Dakstreet's Back,100.72
2018,14,Fournetteflix and Chill,141.12,Bros Exposing Lying Hoz,133.08
2018,15,Stone Cold Kittle,95.38,Mayfield's Bakery,126.24
2018,15,Fournetteflix and Chill,81.48,JEFFERY,84.32
2018,16,Mayfield's Bakery,141.48,JEFFERY,136.72
