"used_id","name","price","player_id","position","year","owner"
1367,"Trent Richardson",12,2533032,"RB",2014,"Woody"
1277,"Marvin Jones",2,2532884,"WR",2018,"Woody"
1265,"Jarvis Landry",10,2543488,"WR",2018,"Woody"
1249,"DeAndre Hopkins",40,2540165,"WR",2018,"Woody"
1244,"Delanie Walker",5,2495966,"TE",2018,"Woody"
1212,"Derrick Henry",16,2556075,"RB",2018,"Woody"
1206,"Joe Mixon",26,2557976,"RB",2018,"Woody"
1198,"Melvin Gordon",48,2552469,"RB",2018,"Woody"
1193,"Sam Bradford",1,497095,"QB",2018,"Woody"
1180,"Eli Manning",12,2505996,"QB",2018,"Woody"
1170,"Patrick Mahomes",36,2558125,"QB",2018,"Woody"
1138,"Michael Crabtree",7,71269,"WR",2017,"Woody"
1127,"DeAndre Hopkins",18,2540165,"WR",2017,"Woody"
1106,"Jimmy Graham",15,497236,"TE",2017,"Woody"
1089,"Tevin Coleman",5,2552453,"RB",2017,"Woody"
1079,"Terrance West",9,2543664,"RB",2017,"Woody"
1059,"Devonta Freeman",35,2543583,"RB",2017,"Woody"
1046,"Blake Bortles",5,2543477,"QB",2017,"Woody"
1027,"Kirk Cousins",45,2532820,"QB",2017,"Woody"
1022,"Drew Brees",58,2504775,"QB",2017,"Woody"
995,"T.Y. Hilton",17,2532865,"WR",2016,"Woody"
987,"A.J. Green",35,2495450,"WR",2016,"Woody"
975,"Delanie Walker",10,2495966,"TE",2016,"Woody"
957,"DeAngelo Williams",6,2495979,"RB",2016,"Woody"
953,"DeMarco Murray",16,2495207,"RB",2016,"Woody"
949,"Jonathan Stewart",21,949,"RB",2016,"Woody"
935,"Adrian Peterson",56,2507164,"RB",2016,"Woody"
933,"Jimmy Garoppolo",1,2543801,"QB",2016,"Woody"
923,"Ryan Fitzpatrick",14,2506581,"QB",2016,"Woody"
919,"Ryan Tannehill",25,2532956,"QB",2016,"Woody"
895,"Terrance Williams",2,2539205,"WR",2015,"Woody"
888,"Jarvis Landry",8,2543488,"WR",2015,"Woody"
879,"Golden Tate",16,497326,"WR",2015,"Woody"
870,"Demaryius Thomas",37,497328,"WR",2015,"Woody"
867,"Dwayne Allen",1,2533046,"TE",2015,"Woody"
862,"Travis Kelce",7,2540258,"TE",2015,"Woody"
841,"Jonathan Stewart",8,949,"RB",2015,"Woody"
820,"Jamaal Charles",55,925,"RB",2015,"Woody"
802,"Teddy Bridgewater",17,2543465,"QB",2015,"Woody"
787,"Drew Brees",50,2504775,"QB",2015,"Woody"
770,"DeSean Jackson",5,1581,"WR",2014,"Woody"
766,"Larry Fitzgerald",8,2506106,"WR",2014,"Woody"
763,"Michael Crabtree",12,71269,"WR",2014,"Woody"
758,"Alshon Jeffery",24,2533039,"WR",2014,"Woody"
745,"Vernon Davis",5,2495826,"TE",2014,"Woody"
741,"Jimmy Graham",42,497236,"TE",2014,"Woody"
736,"Brandon Bolden",2,2532797,"RB",2014,"Woody"
732,"Darren Sproles",4,2506467,"RB",2014,"Woody"
729,"C.J. Spiller",9,497204,"RB",2014,"Woody"
702,"Ryan Tannehill",20,2532956,"QB",2014,"Woody"
691,"Philip Rivers",49,2506121,"QB",2014,"Woody"
1368,"Trent Richardson",34,2533032,"RB",2013,"tim"
1353,"Ray Rice",50,941,"RB",2013,"tim"
1328,"Josh Freeman",28,79557,"QB",2013,"tim"
1308,"Calvin Johnson",50,2495647,"WR",2013,"tim"
680,"Emmanuel Sanders",2,497322,"WR",2013,"tim"
667,"Larry Fitzgerald",19,2506106,"WR",2013,"tim"
659,"Brandon Myers",3,89766,"TE",2013,"tim"
651,"Mark Ingram",1,2495466,"RB",2013,"tim"
626,"Ben Roethlisberger",10,2506109,"QB",2013,"tim"
1372,"Zac Stacy",28,2540273,"RB",2014,"jordan"
1370,"Wes Welker",5,2505790,"WR",2014,"jordan"
1369,"Vincent Brown",1,2508115,"WR",2013,"jordan"
1356,"Reggie Bush",32,2506874,"RB",2013,"jordan"
1352,"Ray Rice",10,941,"RB",2014,"jordan"
1349,"Peyton Manning",63,2501863,"QB",2013,"jordan"
1344,"Owen Daniels",3,2495825,"TE",2015,"jordan"
1335,"Matt Flynn",4,367,"QB",2013,"jordan"
1331,"Knowshon Moreno",1,79619,"RB",2014,"jordan"
1320,"James Jones",2,2507183,"WR",2013,"jordan"
1317,"Greg Jennings",1,2495867,"WR",2013,"jordan"
1313,"Fred Jackson",2,2506871,"RB",2015,"jordan"
1312,"Dwane Bowe",15,2495558,"WR",2013,"jordan"
1304,"Ryan Broyles",1,2532807,"WR",2013,"jordan"
1298,"Arian Foster",38,79555,"RB",2014,"jordan"
1296,"Arian Foster",15,79555,"RB",2016,"jordan"
1279,"Michael Crabtree",1,71269,"WR",2018,"jordan"
1273,"Julian Edelman",3,238498,"WR",2018,"jordan"
1256,"Mike Evans",25,2543468,"WR",2018,"jordan"
1243,"Jordan Reed",5,2540160,"TE",2018,"jordan"
1237,"Rob Gronkowski",38,497240,"TE",2018,"jordan"
1229,"Isaiah Crowell",3,2550189,"RB",2018,"jordan"
1228,"Rashaad Penny",4,2560835,"RB",2018,"jordan"
1208,"LeSean McCoy",23,79607,"RB",2018,"jordan"
1200,"Saquon Barkley",42,2560968,"RB",2018,"jordan"
1189,"Ryan Fitzpatrick",3,2506581,"QB",2018,"jordan"
1185,"Nick Foles",6,2532842,"QB",2018,"jordan"
1183,"Sam Darnold",10,2561036,"QB",2018,"jordan"
1178,"Jameis Winston",24,2552033,"QB",2018,"jordan"
1157,"Kevin White",1,2553432,"WR",2017,"jordan"
1129,"Keenan Allen",14,2540154,"WR",2017,"jordan"
1122,"A.J. Green",32,2495450,"WR",2017,"jordan"
1105,"Rob Gronkowski",32,497240,"TE",2017,"jordan"
1101,"T.J. Yeldon",1,2552471,"RB",2017,"jordan"
1099,"James White",1,2543773,"RB",2017,"jordan"
1098,"Dion Lewis",1,2495469,"RB",2017,"jordan"
1097,"Jonathan Stewart",1,949,"RB",2017,"jordan"
1096,"Jamaal Charles",1,925,"RB",2017,"jordan"
1092,"Thomas Rawls",4,2553733,"RB",2017,"jordan"
1065,"Leonard Fournette",26,2557973,"RB",2017,"jordan"
1049,"Mike Glennon",4,2539275,"QB",2017,"jordan"
1034,"Philip Rivers",37,2506121,"QB",2017,"jordan"
1028,"Jameis Winston",45,2552033,"QB",2017,"jordan"
1004,"Josh Gordon",7,2537931,"WR",2016,"jordan"
990,"Mike Evans",25,2543468,"WR",2016,"jordan"
973,"Jordan Reed",17,2540160,"TE",2016,"jordan"
944,"Doug Martin",30,2532899,"RB",2016,"jordan"
915,"Jameis Winston",33,2552033,"QB",2016,"jordan"
903,"Cam Newton",70,2495455,"QB",2016,"jordan"
900,"Larry Fitzgerald",1,2506106,"WR",2015,"jordan"
891,"Vincent Jackson",5,2506400,"WR",2015,"jordan"
890,"DeSean Jackson",6,1581,"WR",2015,"jordan"
889,"Brandon Marshall",7,2495893,"WR",2015,"jordan"
836,"Darren McFadden",13,284,"RB",2015,"jordan"
824,"Demarco Murray",41,2495207,"RB",2015,"jordan"
817,"Adrian Peterson",59,2507164,"RB",2015,"jordan"
816,"Ryan Mallett",1,2495443,"QB",2015,"jordan"
812,"Brian Hoyer",2,81294,"QB",2015,"jordan"
804,"Jameis Winston",15,2552033,"QB",2015,"jordan"
792,"Cam Newton",39,2495455,"QB",2015,"jordan"
782,"Mike Evans",1,2543468,"WR",2014,"jordan"
768,"Victor Cruz",6,2507855,"WR",2014,"jordan"
764,"Keenan Allen",9,2540154,"WR",2014,"jordan"
743,"Rob Gronkowski",17,497240,"TE",2014,"jordan"
734,"Shane Vereen",3,2495473,"RB",2014,"jordan"
731,"Danny Woodhead",5,4327,"RB",2014,"jordan"
703,"Eli Manning",16,2505996,"QB",2014,"jordan"
688,"Tom Brady",57,2504211,"QB",2014,"jordan"
677,"Eric Decker",3,497284,"WR",2013,"jordan"
657,"Antonio Gates",5,2505299,"TE",2013,"jordan"
641,"Stevan Ridley",27,2495470,"RB",2013,"jordan"
620,"Philip Rivers",20,2506121,"QB",2013,"jordan"
1343,"Monte Ball",9,2539341,"RB",2013,"joe"
1314,"Fred Jackson",1,2506871,"RB",2014,"joe"
1294,"Andre Johnson",9,2505551,"WR",2014,"joe"
1290,"Alshon Jeffery",20,2533039,"WR",2015,"joe"
1259,"Larry Fitzgerald",17,2506106,"WR",2018,"joe"
1257,"T.Y. Hilton",19,2532865,"WR",2018,"joe"
1238,"Travis Kelce",15,2540258,"TE",2018,"joe"
1220,"Rex Burkhead",6,2539265,"RB",2018,"joe"
1219,"Tevin Coleman",8,2552453,"RB",2018,"joe"
1207,"Jordan Howard",25,2555418,"RB",2018,"joe"
1166,"Andrew Luck",43,2533031,"QB",2018,"joe"
1159,"Aaron Rodgers",67,2506363,"QB",2018,"joe"
1146,"Emmanuel Sanders",4,497322,"WR",2017,"joe"
1136,"Demaryius Thomas",10,497328,"WR",2017,"joe"
1131,"Alshon Jeffery",12,2533039,"WR",2017,"joe"
1121,"Jordy Nelson",35,1032,"WR",2017,"joe"
1109,"Greg Olsen",7,2495700,"TE",2017,"joe"
1082,"LeGarrette Blount",7,497149,"RB",2017,"joe"
1078,"Ameer Abdullah",10,2552374,"RB",2017,"joe"
1076,"Joe Mixon",12,2557976,"RB",2017,"joe"
1071,"Christian McCaffrey",16,2557997,"RB",2017,"joe"
1067,"Lamar Miller",22,2533034,"RB",2017,"joe"
1042,"Alex Smith",10,2506340,"QB",2017,"joe"
1041,"Joe Flacco",10,382,"QB",2017,"joe"
1030,"Ben Roethlisberger",42,2506109,"QB",2017,"joe"
1003,"Kelvin Benjamin",8,2543471,"WR",2016,"joe"
999,"Demaryius Thomas",14,497328,"WR",2016,"joe"
998,"Alshon Jeffery",16,2533039,"WR",2016,"joe"
985,"DeAndre Hopkins",40,2540165,"WR",2016,"joe"
976,"Travis Kelce",9,2540258,"TE",2016,"joe"
970,"Danny Woodhead",2,4327,"RB",2016,"joe"
960,"Ameer Abdullah",5,2552374,"RB",2016,"joe"
954,"Ryan Mathews",10,497188,"RB",2016,"joe"
936,"Le'Veon Bell",47,2540175,"RB",2016,"joe"
931,"Teddy Bridgewater",3,2543465,"QB",2016,"joe"
926,"Alex Smith",7,2506340,"QB",2016,"joe"
925,"Jay Cutler",9,2495824,"QB",2016,"joe"
918,"Tyrod Taylor",30,2495240,"QB",2016,"joe"
876,"T.Y. Hilton",25,2532865,"WR",2015,"joe"
859,"Rob Gronkowski",37,497240,"TE",2015,"joe"
857,"Khiry Robinson",1,2542022,"RB",2015,"joe"
846,"Chris Ivory",4,2507999,"RB",2015,"joe"
844,"C.J. Spiller",7,497204,"RB",2015,"joe"
827,"Alfred Blue",4,2543600,"RB",2015,"joe"
803,"Marcus Mariota",17,2552466,"QB",2015,"joe"
791,"Philip Rivers",40,2506121,"QB",2015,"joe"
788,"Matt Ryan",45,310,"QB",2015,"joe"
760,"Randall Cobb",17,2495448,"WR",2014,"joe"
759,"Vincent Jackson",22,2506400,"WR",2014,"joe"
725,"Ryan Mathews",17,497188,"RB",2014,"joe"
687,"Andrew Luck",60,2533031,"QB",2014,"joe"
684,"Aaron Rodgers",72,2506363,"QB",2014,"joe"
668,"Vincent Jackson",18,2506400,"WR",2013,"joe"
665,"Demaryius Thomas",21,497328,"WR",2013,"joe"
635,"Jamaal Charles",43,925,"RB",2013,"joe"
612,"Matt Ryan",51,310,"QB",2013,"joe"
611,"Andrew Luck",54,2533031,"QB",2013,"joe"
1348,"Peyton Manning",75,2501863,"QB",2014,"Michael"
1266,"Josh Gordon",9,2537931,"WR",2018,"Michael"
1263,"Stefon Diggs",13,2552608,"WR",2018,"Michael"
1261,"Demaryius Thomas",15,497328,"WR",2018,"Michael"
1253,"Michael Thomas",32,2556370,"WR",2018,"Michael"
1242,"Greg Olsen",6,2495700,"TE",2018,"Michael"
1225,"Chris Carson",5,2558865,"RB",2018,"Michael"
1222,"Chris Thompson",6,2540011,"RB",2018,"Michael"
1213,"Jay Ajayi",13,2552582,"RB",2018,"Michael"
1203,"Dalvin Cook",38,2557991,"RB",2018,"Michael"
1190,"Joe Flacco",3,382,"QB",2018,"Michael"
1184,"Ryan Tannehill",8,2532956,"QB",2018,"Michael"
1181,"Blake Bortles",11,2543477,"QB",2018,"Michael"
1172,"Ben Roethlisberger",35,2506109,"QB",2018,"Michael"
1118,"Julio Jones",40,2495454,"WR",2017,"Michael"
1117,"Antonio Brown",45,2508061,"WR",2017,"Michael"
1083,"Mike Gillislee",7,2539663,"RB",2017,"Michael"
1080,"Paul Perkins",9,2555460,"RB",2017,"Michael"
1064,"Kareem Hunt",26,2557917,"RB",2017,"Michael"
1037,"Eli Manning",31,2505996,"QB",2017,"Michael"
1031,"Matthew Stafford",40,79860,"QB",2017,"Michael"
1018,"Sterling Shepard",2,2555295,"WR",2016,"Michael"
1011,"Larry Fitzgerald",3,2506106,"WR",2016,"Michael"
1006,"Emmanuel Sanders",6,497322,"WR",2016,"Michael"
972,"Rob Gronkowski",39,497240,"TE",2016,"Michael"
941,"Eddie Lacy",38,2540168,"RB",2016,"Michael"
940,"Ezekiel Elliott",44,2555224,"RB",2016,"Michael"
916,"Andy Dalton",32,2495143,"QB",2016,"Michael"
914,"Derek Carr",33,2543499,"QB",2016,"Michael"
893,"Jeremy Maclin",4,80429,"WR",2015,"Michael"
881,"Brandin Cooks",12,2543498,"WR",2015,"Michael"
860,"Jimmy Graham",30,497236,"TE",2015,"Michael"
833,"Latavius Murray",16,2541161,"RB",2015,"Michael"
821,"Marshawn Lynch",53,2495663,"RB",2015,"Michael"
799,"Alex Smith",19,2506340,"QB",2015,"Michael"
785,"Russell Wilson",59,2532975,"QB",2015,"Michael"
756,"Julio Jones",29,2495454,"WR",2014,"Michael"
755,"Brandon Marshall",36,2495893,"WR",2014,"Michael"
747,"Jason Witten",4,2505629,"TE",2014,"Michael"
739,"Devonta Freeman",1,2543583,"RB",2014,"Michael"
728,"Bishop Sankey",10,2543682,"RB",2014,"Michael"
722,"Alfred Morris",23,2533457,"RB",2014,"Michael"
711,"Blake Bortles",2,2543477,"QB",2014,"Michael"
708,"EJ Manuel",4,2539228,"QB",2014,"Michael"
1334,"Marquis Colston",13,2495821,"WR",2013,"Matthew"
1010,"Eric Decker",3,497284,"WR",2016,"Matthew"
992,"Brandin Cooks",23,2543498,"WR",2016,"Matthew"
991,"Jordy Nelson",24,1032,"WR",2016,"Matthew"
984,"Julio Jones",44,2495454,"WR",2016,"Matthew"
969,"Spencer Ware",3,2540204,"RB",2016,"Matthew"
966,"Giovani Bernard",4,2540156,"RB",2016,"Matthew"
950,"Jeremy Hill",20,2543603,"RB",2016,"Matthew"
947,"Thomas Rawls",24,2553733,"RB",2016,"Matthew"
942,"Jamaal Charles",32,925,"RB",2016,"Matthew"
920,"Kirk Cousins",20,2532820,"QB",2016,"Matthew"
899,"Torrey Smith",1,2495459,"WR",2015,"Matthew"
873,"Randall Cobb",34,2495448,"WR",2015,"Matthew"
869,"Dez Bryant",38,497278,"WR",2015,"Matthew"
839,"Rashad Jennings",9,71345,"RB",2015,"Matthew"
831,"Melvin Gordon",17,2552469,"RB",2015,"Matthew"
823,"Matt Forte",50,234,"RB",2015,"Matthew"
805,"Jay Cutler",13,2495824,"QB",2015,"Matthew"
794,"Matthew Stafford",37,79860,"QB",2015,"Matthew"
753,"Dez Bryant",37,497278,"WR",2014,"Matthew"
749,"Martellus Bennett",1,1062,"TE",2014,"Matthew"
724,"Giovani Bernard",22,2540156,"RB",2014,"Matthew"
713,"Adrian Peterson",63,2507164,"RB",2014,"Matthew"
712,"Kirk Cousins",1,2532820,"QB",2014,"Matthew"
704,"Alex Smith",15,2506340,"QB",2014,"Matthew"
686,"Russell Wilson",60,2532975,"QB",2014,"Matthew"
663,"Julio Jones",30,2495454,"WR",2013,"Matthew"
656,"Ed Dickson",5,497224,"TE",2013,"Matthew"
642,"Frank Gore",25,2506404,"RB",2013,"Matthew"
631,"Adrian Peterson",62,2507164,"RB",2013,"Matthew"
622,"Eli Manning",18,2505996,"QB",2013,"Matthew"
616,"Robert Griffin III",43,2533033,"QB",2013,"Matthew"
1363,"Steven Jackson",9,2505936,"RB",2014,"Dag"
1357,"Reggie Wayne",2,2504747,"WR",2014,"Dag"
1354,"Reggie Bush",2,2506874,"RB",2015,"Dag"
1350,"Pierre Thomas",2,2507141,"RB",2014,"Dag"
1346,"Percy Harvin",18,80425,"WR",2014,"Dag"
1340,"Mike Vick",27,2504531,"QB",2013,"Dag"
1333,"Marquis Colston",3,2495821,"WR",2014,"Dag"
1325,"Jordan Cameron",1,2495267,"TE",2015,"Dag"
1319,"Jake Locker",10,2495194,"QB",2014,"Dag"
1315,"Fred Jackson",1,2506871,"RB",2013,"Dag"
1306,"Calvin Johnson",35,2495647,"WR",2015,"Dag"
1288,"Devin Funchess",1,2552458,"WR",2018,"Dag"
1278,"Alshon Jeffery",2,2533039,"WR",2018,"Dag"
1272,"Jordy Nelson",4,1032,"WR",2018,"Dag"
1240,"Jimmy Graham",13,497236,"TE",2018,"Dag"
1201,"Christian McCaffrey",42,2557997,"RB",2018,"Dag"
1194,"Todd Gurley",61,2552475,"RB",2018,"Dag"
1171,"Jared Goff",36,2555334,"QB",2018,"Dag"
1167,"Matt Ryan",38,310,"QB",2018,"Dag"
1147,"Jarvis Landry",4,2543488,"WR",2017,"Dag"
1144,"Devante Parker",5,2552409,"WR",2017,"Dag"
1128,"Terrelle Pryor",15,2531332,"WR",2017,"Dag"
1116,"Hunter Henry",1,2555341,"TE",2017,"Dag"
1090,"Darren McFadden",4,284,"RB",2017,"Dag"
1084,"Eddie Lacy",7,2540168,"RB",2017,"Dag"
1063,"Ezekiel Elliott",30,2555224,"RB",2017,"Dag"
1054,"Le'Veon Bell",65,2540175,"RB",2017,"Dag"
1047,"Tom Savage",5,2543640,"QB",2017,"Dag"
1044,"Jay Cutler",8,2495824,"QB",2017,"Dag"
1024,"Marcus Mariota",52,2552466,"QB",2017,"Dag"
1015,"Jordan Matthews",2,2543500,"WR",2016,"Dag"
1012,"DeSean Jackson",2,1581,"WR",2016,"Dag"
1001,"Jarvis Landry",10,2543488,"WR",2016,"Dag"
997,"Randall Cobb",16,2495448,"WR",2016,"Dag"
974,"Greg Olsen",11,2495700,"TE",2016,"Dag"
968,"Derrick Henry",4,2556075,"RB",2016,"Dag"
964,"Frank Gore",4,2506404,"RB",2016,"Dag"
937,"Devonta Freeman",47,2543583,"RB",2016,"Dag"
912,"Eli Manning",36,2505996,"QB",2016,"Dag"
905,"Russell Wilson",60,2532975,"QB",2016,"Dag"
897,"Eddie Royal",1,1990,"WR",2015,"Dag"
871,"Julio Jones",37,2495454,"WR",2015,"Dag"
865,"Jason Witten",3,2505629,"TE",2015,"Dag"
858,"David Cobb",1,2552376,"RB",2015,"Dag"
850,"Tre Mason",3,2543502,"RB",2015,"Dag"
809,"Tyrod Taylor",4,2495240,"QB",2015,"Dag"
789,"Ryan Tannehill",42,2532956,"QB",2015,"Dag"
783,"Andrew Luck",70,2533031,"QB",2015,"Dag"
773,"Mike Wallace",5,2507763,"WR",2014,"Dag"
769,"Brandin Cooks",6,2543498,"WR",2014,"Dag"
751,"Kyle Rudolph",1,2495438,"TE",2014,"Dag"
748,"Kyle Rudolph",2,2495438,"TE",2014,"Dag"
730,"Rashad Jennings",7,71345,"RB",2014,"Dag"
714,"Lesean McCoy",61,79607,"RB",2014,"Dag"
685,"Drew Brees",67,2504775,"QB",2014,"Dag"
683,"Josh Gordon",1,2537931,"WR",2013,"Dag"
678,"Tavon Austin",3,2539336,"WR",2013,"Dag"
653,"Jimmy Graham",37,497236,"TE",2013,"Dag"
640,"Darren McFadden",29,284,"RB",2013,"Dag"
637,"Alfred Morris",37,2533457,"RB",2013,"Dag"
613,"Matthew Stafford",51,79860,"QB",2013,"Dag"
1365,"Toby Gerhart",10,497176,"RB",2014,"Kevin"
1341,"Mike Williams",1,2508048,"WR",2013,"Kevin"
1332,"Lance Moore",1,2506287,"WR",2013,"Kevin"
1330,"Kevin White",4,2553620,"WR",2014,"Kevin"
1322,"Jonny Manziel",9,2543462,"QB",2014,"Kevin"
1321,"Jonathan Dwyer",2,497174,"RB",2013,"Kevin"
1309,"Charles Johnson",2,2541147,"WR",2015,"Kevin"
1292,"Andre Brown",1,2507790,"RB",2013,"Kevin"
1287,"Kenny Stills",1,2540202,"WR",2018,"Kevin"
1270,"Chris Hogan",4,2530515,"WR",2018,"Kevin"
1255,"Keenan Allen",29,2540154,"WR",2018,"Kevin"
1247,"David Njoku",1,2557986,"TE",2018,"Kevin"
1246,"Trey Burton",1,2550284,"TE",2018,"Kevin"
1235,"James Conner",1,2557978,"RB",2018,"Kevin"
1226,"Marshawn Lynch",5,2495663,"RB",2018,"Kevin"
1202,"Leonard Fournette",40,2557973,"RB",2018,"Kevin"
1196,"Le'Veon Bell",51,2540175,"RB",2018,"Kevin"
1188,"Case Keenum",4,2532888,"QB",2018,"Kevin"
1187,"Tyrod Taylor",5,2495240,"QB",2018,"Kevin"
1177,"Dak Prescott",25,2555260,"QB",2018,"Kevin"
1174,"Philip Rivers",32,2506121,"QB",2018,"Kevin"
1153,"Randall Cobb",1,2495448,"WR",2017,"Kevin"
1152,"Jeremy Maclin",1,80429,"WR",2017,"Kevin"
1148,"Stefon Diggs",3,2552608,"WR",2017,"Kevin"
1139,"Golden Tate",6,497326,"WR",2017,"Kevin"
1130,"Doug Baldwin",13,2530747,"WR",2017,"Kevin"
1111,"Kyle Rudolph",2,2495438,"TE",2017,"Kevin"
1100,"Duke Johnson",1,2552461,"RB",2017,"Kevin"
1095,"Matt Forte",2,234,"RB",2017,"Kevin"
1091,"Jeremy Hill",4,2543603,"RB",2017,"Kevin"
1069,"Isaiah Crowell",19,2550189,"RB",2017,"Kevin"
1058,"Jay Ajayi",36,2552582,"RB",2017,"Kevin"
1050,"Brian Hoyer",3,81294,"QB",2017,"Kevin"
1045,"Sam Bradford",7,497095,"QB",2017,"Kevin"
1029,"Cam Newton",43,2495455,"QB",2017,"Kevin"
1026,"Russell Wilson",47,2532975,"QB",2017,"Kevin"
1014,"Marvin Jones",2,2532884,"WR",2016,"Kevin"
1009,"Michael Floyd",4,2532841,"WR",2016,"Kevin"
989,"Dez Bryant",27,497278,"WR",2016,"Kevin"
963,"LeGarrette Blount",4,497149,"RB",2016,"Kevin"
948,"Latavius Murray",23,2541161,"RB",2016,"Kevin"
934,"Todd Gurley",58,2552475,"RB",2016,"Kevin"
932,"Colin Kaepernick",1,2495186,"QB",2016,"Kevin"
921,"Matt Ryan",16,310,"QB",2016,"Kevin"
904,"Andrew Luck",63,2533031,"QB",2016,"Kevin"
886,"Amari Cooper",10,2552487,"WR",2015,"Kevin"
883,"Mike Evans",11,2543468,"WR",2015,"Kevin"
864,"Martellus Bennett",3,1062,"TE",2015,"Kevin"
854,"Tevin Coleman",2,2552453,"RB",2015,"Kevin"
838,"Ameer Abdullah",10,2552374,"RB",2015,"Kevin"
832,"Lamar Miller",16,2533034,"RB",2015,"Kevin"
818,"Eddie Lacy",56,2540168,"RB",2015,"Kevin"
806,"Derek Carr",9,2543499,"QB",2015,"Kevin"
793,"Tom Brady",38,2504211,"QB",2015,"Kevin"
790,"Tony Romo",40,2505354,"QB",2015,"Kevin"
772,"Emmanuel Sanders",5,497322,"WR",2014,"Kevin"
762,"Cordarrelle Patterson",15,2540145,"WR",2014,"Kevin"
750,"Dennis Pitta",1,497254,"TE",2014,"Kevin"
733,"Stevan Ridley",3,2495470,"RB",2014,"Kevin"
719,"Demarco Murray",39,2495207,"RB",2014,"Kevin"
717,"Eddie Lacy",46,2540168,"RB",2014,"Kevin"
710,"Brian Hoyer",2,81294,"QB",2014,"Kevin"
699,"Ben Roethlisberger",25,2506109,"QB",2014,"Kevin"
696,"Robert Griffin III",38,2533033,"QB",2014,"Kevin"
682,"Cecil Shorts",1,2495341,"WR",2013,"Kevin"
679,"Steve Johnson",2,768,"WR",2013,"Kevin"
658,"Jason Witten",5,2505629,"TE",2013,"Kevin"
652,"Shane Vereen",1,2495473,"RB",2013,"Kevin"
638,"Matt Forte",35,234,"RB",2013,"Kevin"
634,"Marshawn Lynch",45,2495663,"RB",2013,"Kevin"
614,"Colin Kaepernick",51,2495186,"QB",2013,"Kevin"
610,"Cam Newton",57,2495455,"QB",2013,"Kevin"
1361,"Ryan Williams",1,2495474,"RB",2013,"Keenan"
1358,"Reggie Wayne",18,2504747,"WR",2013,"Keenan"
1355,"Reggie Bush",18,2506874,"RB",2014,"Keenan"
1339,"Mike Vick",3,2504531,"QB",2014,"Keenan"
1338,"Mikel LeShoure",1,2495468,"RB",2013,"Keenan"
1305,"Bryce Brown",2,2534796,"RB",2013,"Keenan"
1293,"Andre Johnson",10,2505551,"WR",2015,"Keenan"
1289,"Alfred Morris",26,2533457,"RB",2015,"Keenan"
1276,"Marquise Goodwin",3,2539964,"WR",2018,"Keenan"
1271,"Sammy Watkins",4,2543457,"WR",2018,"Keenan"
1264,"Doug Baldwin",13,2530747,"WR",2018,"Keenan"
1250,"Odell Beckham",39,2543496,"WR",2018,"Keenan"
1241,"Evan Engram",9,2557858,"TE",2018,"Keenan"
1236,"Tarik Cohen",1,2558250,"RB",2018,"Keenan"
1217,"Dion Lewis",9,2495469,"RB",2018,"Keenan"
1211,"Alex Collins",19,2555430,"RB",2018,"Keenan"
1199,"Ezekiel Elliott",46,2555224,"RB",2018,"Keenan"
1191,"Baker Mayfield",3,2560800,"QB",2018,"Keenan"
1186,"Mitchell Trubisky",6,2558008,"QB",2018,"Keenan"
1179,"Andy Dalton",15,2495143,"QB",2018,"Keenan"
1175,"Marcus Mariota",31,2552466,"QB",2018,"Keenan"
1142,"Larry Fitzgerald",5,2506106,"WR",2017,"Keenan"
1132,"Kelvin Benjamin",12,2543471,"WR",2017,"Keenan"
1125,"Dez Bryant",22,497278,"WR",2017,"Keenan"
1119,"Odell Beckham",37,2543496,"WR",2017,"Keenan"
1108,"Travis Kelce",11,2540258,"TE",2017,"Keenan"
1104,"Jamaal Williams",1,2558204,"RB",2017,"Keenan"
1088,"Frank Gore",5,2506404,"RB",2017,"Keenan"
1087,"Bilal Powell",5,2495328,"RB",2017,"Keenan"
1085,"Jacquizz Rodgers",6,2495471,"RB",2017,"Keenan"
1057,"Melvin Gordon",42,2552469,"RB",2017,"Keenan"
1051,"Patrick Mahomes",2,2558125,"QB",2017,"Keenan"
1048,"Trevor Siemian",5,2553457,"QB",2017,"Keenan"
1032,"Andrew Luck",39,2533031,"QB",2017,"Keenan"
1017,"Stefon Diggs",2,2552608,"WR",2016,"Keenan"
1000,"Doug Baldwin",12,2530747,"WR",2016,"Keenan"
983,"Odell Beckham",46,2543496,"WR",2016,"Keenan"
978,"Antonio Gates",3,2505299,"TE",2016,"Keenan"
971,"Jay Ajayi",1,2552582,"RB",2016,"Keenan"
962,"Matt Jones",5,2552635,"RB",2016,"Keenan"
955,"Jeremy Langford",8,2552379,"RB",2016,"Keenan"
929,"Dak Prescott",5,2555260,"QB",2016,"Keenan"
909,"Tom Brady",41,2504211,"QB",2016,"Keenan"
902,"Aaron Rodgers",72,2506363,"QB",2016,"Keenan"
898,"Brandon Lafell",1,497302,"WR",2015,"Keenan"
872,"Odell Beckham",35,2543496,"WR",2015,"Keenan"
853,"Bishop Sankey",2,2543682,"RB",2015,"Keenan"
851,"Isaiah Crowell",3,2550189,"RB",2015,"Keenan"
843,"LeGarrette Blount",7,497149,"RB",2015,"Keenan"
837,"Doug Martin",10,2532899,"RB",2015,"Keenan"
835,"Todd Gurley",14,2552475,"RB",2015,"Keenan"
811,"Jimmy Garoppolo",4,2543801,"QB",2015,"Keenan"
807,"Nick Foles",8,2532842,"QB",2015,"Keenan"
784,"Aaron Rodgers",69,2506363,"QB",2015,"Keenan"
779,"Sammy Watkins",2,2543457,"WR",2014,"Keenan"
776,"Eric Decker",3,497284,"WR",2014,"Keenan"
775,"Michael Floyd",4,2532841,"WR",2014,"Keenan"
757,"Jordy Nelson",26,1032,"WR",2014,"Keenan"
754,"Demaryius Thomas",37,497328,"WR",2014,"Keenan"
740,"Carlos Hyde",1,2543743,"RB",2014,"Keenan"
737,"Deangelo Williams",1,2495979,"RB",2014,"Keenan"
727,"Chris Johnson",13,262,"RB",2014,"Keenan"
694,"Colin Kaepernick",41,2495186,"QB",2014,"Keenan"
690,"Cam Newton",55,2495455,"QB",2014,"Keenan"
670,"Danny Amendola",9,2649,"WR",2013,"Keenan"
669,"Victor Cruz",18,2507855,"WR",2013,"Keenan"
655,"Vernon Davis",10,2495826,"TE",2013,"Keenan"
648,"Ronnie Hillman",10,2533437,"RB",2013,"Keenan"
645,"Ryan Mathews",12,497188,"RB",2013,"Keenan"
615,"Tony Romo",51,2505354,"QB",2013,"Keenan"
606,"Aaron Rodgers",68,2506363,"QB",2013,"Keenan"
1282,"Cooper Kupp",1,2557898,"WR",2018,"Jeremy"
1268,"Juju Smith-Schuster",7,2558149,"WR",2018,"Jeremy"
1262,"Brandin Cooks",14,2543498,"WR",2018,"Jeremy"
1251,"Julio Jones",38,2495454,"WR",2018,"Jeremy"
1245,"Kyle Rudolph",1,2495438,"TE",2018,"Jeremy"
1233,"James White",1,2543773,"RB",2018,"Jeremy"
1232,"Ronald Jones II",1,2560770,"RB",2018,"Jeremy"
1230,"Marlon Mack",2,2558123,"RB",2018,"Jeremy"
1210,"Royce Freeman",20,2560733,"RB",2018,"Jeremy"
1205,"Devonta Freeman",36,2543583,"RB",2018,"Jeremy"
1192,"Josh McCown",1,2505076,"QB",2018,"Jeremy"
1176,"Alex Smith",26,2506340,"QB",2018,"Jeremy"
1164,"Deshaun Watson",50,2558063,"QB",2018,"Jeremy"
1150,"Ted Ginn",2,2507166,"WR",2017,"Jeremy"
1149,"Eric Decker",2,497284,"WR",2017,"Jeremy"
1145,"Desean Jackson",4,1581,"WR",2017,"Jeremy"
1143,"Sammy Watkins",5,2543457,"WR",2017,"Jeremy"
1123,"Brandin Cooks",27,2543498,"WR",2017,"Jeremy"
1115,"Cameron Brate",1,2550656,"TE",2017,"Jeremy"
1110,"Zach Ertz",5,2540158,"TE",2017,"Jeremy"
1081,"Rob Kelley",9,2556414,"RB",2017,"Jeremy"
1074,"Mark Ingram",12,2495466,"RB",2017,"Jeremy"
1066,"Marshawn Lynch",22,2495663,"RB",2017,"Jeremy"
1060,"Demarco Murray",34,2495207,"RB",2017,"Jeremy"
1040,"Deshone Kizer",11,2557983,"QB",2017,"Jeremy"
1023,"Matt Ryan",55,310,"QB",2017,"Jeremy"
1371,"Wes Welker",21,2505790,"WR",2013,"Jared"
1345,"Owen Daniels",2,2495825,"TE",2013,"Jared"
1310,"Christian Ponder",2,2495215,"QB",2013,"Jared"
1301,"Benjarvis Green-Ellis",5,929,"RB",2013,"Jared"
676,"Antonio Brown",5,2508061,"WR",2013,"Jared"
672,"Mike Wallace",9,2507763,"WR",2013,"Jared"
666,"Randall Cobb",20,2495448,"WR",2013,"Jared"
660,"Kyle Rudolph",2,2495438,"TE",2013,"Jared"
646,"Eddie Lacy",12,2540168,"RB",2013,"Jared"
643,"Darren Sproles",13,2506467,"RB",2013,"Jared"
617,"Joe Flacco",22,382,"QB",2013,"Jared"
607,"Tom Brady",67,2504211,"QB",2013,"Jared"
1366,"Tony Gonzalez",12,2500835,"TE",2013,"Eric"
1359,"Roddy White",4,2506366,"WR",2015,"Eric"
1329,"Julius Thomas",3,2495353,"TE",2015,"Eric"
1311,"Dwane Bowe",1,2495558,"WR",2014,"Eric"
1307,"Calvin Johnson",47,2495647,"WR",2014,"Eric"
1302,"Bernard Pierce",3,2533545,"RB",2013,"Eric"
1137,"T.Y. Hilton",10,2532865,"WR",2017,"Eric"
1120,"Mike Evans",36,2543468,"WR",2017,"Eric"
1107,"Jordan Reed",15,2540160,"TE",2017,"Eric"
1093,"Danny Woodhead",3,4327,"RB",2017,"Eric"
1072,"C.J. Anderson",14,2540269,"RB",2017,"Eric"
1025,"Derek Carr",50,2543499,"QB",2017,"Eric"
1020,"Aaron Rodgers",71,2506363,"QB",2017,"Eric"
1008,"Golden Tate",5,497326,"WR",2016,"Eric"
996,"Sammy Watkins",17,2543457,"WR",2016,"Eric"
982,"Antonio Brown",53,2508061,"WR",2016,"Eric"
977,"Coby Fleener",4,2532838,"TE",2016,"Eric"
946,"C.J. Anderson",28,2540269,"RB",2016,"Eric"
939,"Lamar Miller",45,2533034,"RB",2016,"Eric"
922,"Joe Flacco",14,382,"QB",2016,"Eric"
913,"Marcus Mariota",34,2552466,"QB",2016,"Eric"
887,"Keenan Allen",8,2540154,"WR",2015,"Eric"
874,"Jordy Nelson",33,1032,"WR",2015,"Eric"
868,"Antonio Brown",42,2508061,"WR",2015,"Eric"
828,"Justin Forsett",24,927,"RB",2015,"Eric"
822,"C.J. Anderson",51,2540269,"RB",2015,"Eric"
810,"Blake Bortles",4,2543477,"QB",2015,"Eric"
801,"Andy Dalton",17,2495143,"QB",2015,"Eric"
800,"Joe Flacco",17,382,"QB",2015,"Eric"
752,"A.J. Green",40,2495450,"WR",2014,"Eric"
746,"Antonio Gates",5,2505299,"TE",2014,"Eric"
744,"Greg Olsen",7,2495700,"TE",2014,"Eric"
726,"Frank Gore",16,2506404,"RB",2014,"Eric"
721,"Andre Ellington",29,2539217,"RB",2014,"Eric"
700,"Jay Cutler",23,2495824,"QB",2014,"Eric"
697,"Jay Cutler",33,2495824,"QB",2014,"Eric"
681,"T.Y. Hilton",2,2532865,"WR",2013,"Eric"
675,"Jordy Nelson",5,1032,"WR",2013,"Eric"
674,"Torrey Smith",7,2495459,"WR",2013,"Eric"
671,"Anquan Boldin",9,2505587,"WR",2013,"Eric"
649,"Giovani Bernard",5,2540156,"RB",2013,"Eric"
639,"Chris Johnson",34,262,"RB",2013,"Eric"
629,"Blaine Gabbert",1,2495441,"QB",2013,"Eric"
609,"Russell Wilson",58,2532975,"QB",2013,"Eric"
608,"Drew Brees",65,2504775,"QB",2013,"Eric"
1283,"Calvin Ridley",1,2560854,"WR",2018,"Dennis"
1260,"Amari Cooper",17,2552487,"WR",2018,"Dennis"
1248,"Antonio Brown",48,2508061,"WR",2018,"Dennis"
1214,"Kenyan Drake",13,2555230,"RB",2018,"Dennis"
1209,"Lamar Miller",22,2533034,"RB",2018,"Dennis"
1168,"Matthew Stafford",36,79860,"QB",2018,"Dennis"
1162,"Drew Brees",53,2504775,"QB",2018,"Dennis"
1364,"Steven Jackson",30,2505936,"RB",2013,"Daniel"
1362,"Steve Smith",10,2504595,"WR",2013,"Daniel"
1351,"Rashard Mendenhall",5,939,"RB",2013,"Daniel"
1336,"Maurice Jones-Drew",5,2495831,"RB",2014,"Daniel"
1324,"Joique Bell",3,497145,"RB",2014,"Daniel"
1318,"Hakeem Nicks",13,80672,"WR",2013,"Daniel"
1297,"Arian Foster",26,79555,"RB",2015,"Daniel"
1286,"Corey Davis",1,2557848,"WR",2018,"Daniel"
1285,"Will Fuller",1,2555346,"WR",2018,"Daniel"
1284,"Pierre Garcon",1,2346,"WR",2018,"Daniel"
1275,"Allen Robinson",3,2543509,"WR",2018,"Daniel"
1267,"Adam Thielen",9,2541785,"WR",2018,"Daniel"
1254,"A.J. Green",30,2495450,"WR",2018,"Daniel"
1239,"Zach Ertz",15,2540158,"TE",2018,"Daniel"
1234,"Alfred Morris",1,2533457,"RB",2018,"Daniel"
1231,"Matt Breida",2,2558918,"RB",2018,"Daniel"
1223,"Adrian Peterson",6,2507164,"RB",2018,"Daniel"
1215,"Mark Ingram",12,2495466,"RB",2018,"Daniel"
1197,"Alvin Kamara",48,2558019,"RB",2018,"Daniel"
1173,"Carson Wentz",33,2555259,"QB",2018,"Daniel"
1169,"Jimmy Garoppolo",36,2543801,"QB",2018,"Daniel"
1151,"Pierre Garcon",1,2346,"WR",2017,"Daniel"
1134,"Jamison Crowder",12,2552415,"WR",2017,"Daniel"
1133,"Davante Adams",12,2543495,"WR",2017,"Daniel"
1126,"Amari Cooper",20,2552487,"WR",2017,"Daniel"
1113,"Tyler Eifert",2,2540148,"TE",2017,"Daniel"
1103,"Wendell Smallwood",1,2555461,"RB",2017,"Daniel"
1094,"Matt Breida",3,2558918,"RB",2017,"Daniel"
1077,"Doug Martin",11,2532899,"RB",2017,"Daniel"
1070,"Dalvin Cook",19,2557991,"RB",2017,"Daniel"
1068,"Carlos Hyde",22,2543743,"RB",2017,"Daniel"
1039,"Carson Palmer",23,2505245,"QB",2017,"Daniel"
1036,"Andy Dalton",34,2495143,"QB",2017,"Daniel"
1035,"Carson Wentz",35,2555259,"QB",2017,"Daniel"
1019,"John Brown",1,2543847,"WR",2016,"Daniel"
994,"Keenan Allen",18,2540154,"WR",2016,"Daniel"
993,"Amari Cooper",23,2552487,"WR",2016,"Daniel"
986,"Allen Robinson",37,2543509,"WR",2016,"Daniel"
981,"Zach Ertz",2,2540158,"TE",2016,"Daniel"
980,"Tyler Eifert",2,2540148,"TE",2016,"Daniel"
967,"T.J. Yeldon",4,2552471,"RB",2016,"Daniel"
959,"Rashad Jennings",5,71345,"RB",2016,"Daniel"
956,"Melvin Gordon",8,2552469,"RB",2016,"Daniel"
930,"Tony Romo",4,2505354,"QB",2016,"Daniel"
928,"Carson Wentz",5,2555259,"QB",2016,"Daniel"
911,"Blake Bortles",37,2543477,"QB",2016,"Daniel"
907,"Ben Roethlisberger",44,2506109,"QB",2016,"Daniel"
896,"Martavis Bryant",2,2543572,"WR",2015,"Daniel"
884,"Julian Edelman",10,238498,"WR",2015,"Daniel"
880,"Davante Adams",12,2543495,"WR",2015,"Daniel"
878,"Emmanuel Sanders",16,497322,"WR",2015,"Daniel"
863,"Zach Ertz",4,2540158,"TE",2015,"Daniel"
842,"T.J. Yeldon",8,2552471,"RB",2015,"Daniel"
840,"Andre Ellington",9,2539217,"RB",2015,"Daniel"
834,"Carlos Hyde",15,2543743,"RB",2015,"Daniel"
830,"Frank Gore",19,2506404,"RB",2015,"Daniel"
825,"Jeremy Hill",36,2543603,"RB",2015,"Daniel"
815,"Mark Sanchez",1,79858,"QB",2015,"Daniel"
798,"Carson Palmer",19,2505245,"QB",2015,"Daniel"
797,"Sam Bradford",20,497095,"QB",2015,"Daniel"
771,"Jeremy Maclin",5,80429,"WR",2014,"Daniel"
767,"Pierre Garcon",7,2346,"WR",2014,"Daniel"
765,"Kelvin Benjamin",9,2543471,"WR",2014,"Daniel"
761,"Antonio Brown",17,2508061,"WR",2014,"Daniel"
742,"Julius Thomas",19,2495353,"TE",2014,"Daniel"
735,"Darren McFadden",2,284,"RB",2014,"Daniel"
723,"Le'Veon Bell",23,2540175,"RB",2014,"Daniel"
720,"Doug Martin",30,2532899,"RB",2014,"Daniel"
709,"Derek Carr",3,2543499,"QB",2014,"Daniel"
705,"Josh McCown",9,2505076,"QB",2014,"Daniel"
701,"Carson Palmer",22,2505245,"QB",2014,"Daniel"
693,"Matt Ryan",42,310,"QB",2014,"Daniel"
673,"Pierre Garcon",8,2346,"WR",2013,"Daniel"
662,"Dez Bryant",30,497278,"WR",2013,"Daniel"
654,"Rob Gronkowski",15,497240,"TE",2013,"Daniel"
636,"Lesean McCoy",37,79607,"RB",2013,"Daniel"
627,"EJ Manuel",8,2539228,"QB",2013,"Daniel"
623,"Alex Smith",14,2506340,"QB",2013,"Daniel"
621,"Andy Dalton",18,2495143,"QB",2013,"Daniel"
1342,"Monte Ball",45,2539341,"RB",2014,"Brock"
1337,"Maurice Jones-Drew",39,2495831,"RB",2013,"Brock"
1327,"Joseph Randle",15,2540171,"RB",2015,"Brock"
1326,"Jordan Cameron",4,2495267,"TE",2014,"Brock"
1323,"Joique Bell",5,497145,"RB",2015,"Brock"
1316,"Chris Givens",1,2535634,"WR",2013,"Brock"
1291,"Amad Bradshaw",9,2495560,"RB",2013,"Brock"
1269,"Golden Tate",5,497326,"WR",2018,"Brock"
1258,"Tyreek Hill",17,2556214,"WR",2018,"Brock"
1252,"Davante Adams",32,2543495,"WR",2018,"Brock"
1227,"Kerryon Johnson",4,2560765,"RB",2018,"Brock"
1224,"Peyton Barber",5,2556466,"RB",2018,"Brock"
1218,"Jamaal Williams",8,2558204,"RB",2018,"Brock"
1216,"Carlos Hyde",9,2543743,"RB",2018,"Brock"
1182,"Derek Carr",10,2543499,"QB",2018,"Brock"
1163,"Cam Newton",52,2495455,"QB",2018,"Brock"
1160,"Russell Wilson",56,2532975,"QB",2018,"Brock"
1155,"Adam Thielen",1,2541785,"WR",2017,"Brock"
1140,"Allen Robinson",6,2543509,"WR",2017,"Brock"
1135,"Martavis Bryant",11,2543572,"WR",2017,"Brock"
1124,"Michael Thomas",26,2556370,"WR",2017,"Brock"
1114,"Martellus Bennett",1,1062,"TE",2017,"Brock"
1112,"Delanie Walker",2,2495966,"TE",2017,"Brock"
1102,"C.J. Prosise",1,2555417,"RB",2017,"Brock"
1086,"Derrick Henry",6,2556075,"RB",2017,"Brock"
1062,"Todd Gurley",33,2552475,"RB",2017,"Brock"
1055,"David Johnson",61,2553435,"RB",2017,"Brock"
1053,"Deshaun Watson",1,2558063,"QB",2017,"Brock"
1052,"Mitchell Trubisky",1,2558008,"QB",2017,"Brock"
1043,"Jared Goff",10,2555334,"QB",2017,"Brock"
1033,"Dak Prescott",39,2555260,"QB",2017,"Brock"
1016,"Tyler Lockett",2,2552430,"WR",2016,"Brock"
988,"Brandon Marshall",32,2495893,"WR",2016,"Brock"
979,"Julius Thomas",2,2495353,"TE",2016,"Brock"
965,"Chris Ivory",4,2507999,"RB",2016,"Brock"
958,"Christine Michael",6,2539322,"RB",2016,"Brock"
945,"LeSean McCoy",29,79607,"RB",2016,"Brock"
943,"Mark Ingram",31,2495466,"RB",2016,"Brock"
924,"Brock Osweiler",11,2533436,"QB",2016,"Brock"
910,"Carson Palmer",40,2505245,"QB",2016,"Brock"
908,"Philip Rivers",42,2506121,"QB",2016,"Brock"
901,"Allen Robinson",1,2543509,"WR",2015,"Brock"
892,"Sammy Watkins",5,2543457,"WR",2015,"Brock"
877,"Deandre Hopkins",17,2540165,"WR",2015,"Brock"
875,"A.J. Green",31,2495450,"WR",2015,"Brock"
866,"Delanie Walker",1,2495966,"TE",2015,"Brock"
856,"Theo Riddick",1,2540020,"RB",2015,"Brock"
852,"Shane Vereen",2,2495473,"RB",2015,"Brock"
847,"Ronnie Hillman",4,2533437,"RB",2015,"Brock"
829,"Mark Ingram",23,2495466,"RB",2015,"Brock"
808,"Robert Griffin III",5,2533033,"QB",2015,"Brock"
795,"Eli Manning",34,2505996,"QB",2015,"Brock"
786,"Ben Roethlisberger",52,2506109,"QB",2015,"Brock"
781,"Justin Hunter",1,2540151,"WR",2014,"Brock"
780,"Terrance Williams",1,2539205,"WR",2014,"Brock"
778,"T.Y. Hilton",2,2532865,"WR",2014,"Brock"
777,"Torrey Smith",2,2495459,"WR",2014,"Brock"
715,"Jamaal Charles",54,925,"RB",2014,"Brock"
706,"Geno Smith",6,2539335,"QB",2014,"Brock"
695,"Tony Romo",40,2505354,"QB",2014,"Brock"
692,"Nick Foles",45,2532842,"QB",2014,"Brock"
664,"A.J. Green",27,2495450,"WR",2013,"Brock"
661,"Brandon Marshall",31,2495893,"WR",2013,"Brock"
650,"Daryl Richardson",4,2534789,"RB",2013,"Brock"
644,"Lamar Miller",13,2533034,"RB",2013,"Brock"
633,"Doug Martin",47,2532899,"RB",2013,"Brock"
630,"Geno Smith",1,2539335,"QB",2013,"Brock"
628,"Brandon Weeden",3,2532970,"QB",2013,"Brock"
625,"Jay Cutler",12,2495824,"QB",2013,"Brock"
624,"Carson Palmer",13,2505245,"QB",2013,"Brock"
1360,"Roddy White",21,2506366,"WR",2013,"Brandon"
1347,"Peyton Manning",49,2501863,"QB",2015,"Brandon"
1303,"Riley Cooper",1,497282,"WR",2014,"Brandon"
1300,"Ben Tate",10,497208,"RB",2014,"Brandon"
1299,"Arian Foster",52,79555,"RB",2013,"Brandon"
1295,"Andre Johnson",23,2505551,"WR",2013,"Brandon"
1281,"Emmanuel Sanders",1,497322,"WR",2018,"Brandon"
1280,"Randall Cobb",1,2495448,"WR",2018,"Brandon"
1274,"Kelvin Benjamin",3,2543471,"WR",2018,"Brandon"
1221,"Duke Johnson",6,2552461,"RB",2018,"Brandon"
1204,"Kareem Hunt",36,2557917,"RB",2018,"Brandon"
1195,"David Johnson",52,2552461,"RB",2018,"Brandon"
1165,"Kirk Cousins",45,2532820,"QB",2018,"Brandon"
1161,"Tom Brady",56,2504211,"QB",2018,"Brandon"
1158,"Tyrell Williams",1,2553913,"WR",2017,"Brandon"
1156,"Jordan Matthews",1,2543500,"WR",2017,"Brandon"
1154,"Chris Hogan",1,2530515,"WR",2017,"Brandon"
1141,"Tyreek Hill",6,2556214,"WR",2017,"Brandon"
1075,"Ty Montgomery",12,2552429,"RB",2017,"Brandon"
1073,"Adrian Peterson",13,2507164,"RB",2017,"Brandon"
1061,"Jordan Howard",34,2555418,"RB",2017,"Brandon"
1056,"LeSean McCoy",44,79607,"RB",2017,"Brandon"
1038,"Tyrod Taylor",24,2495240,"QB",2017,"Brandon"
1021,"Tom Brady",64,2504211,"QB",2017,"Brandon"
1013,"Michael Crabtree",2,71269,"WR",2016,"Brandon"
1007,"Jeremy Maclin",5,80429,"WR",2016,"Brandon"
1005,"Donte Moncrief",7,2543614,"WR",2016,"Brandon"
1002,"Julian Edelman",8,238498,"WR",2016,"Brandon"
961,"Duke Johnson",5,2552461,"RB",2016,"Brandon"
952,"Matt Forte",18,234,"RB",2016,"Brandon"
951,"Carlos Hyde",20,2543743,"RB",2016,"Brandon"
938,"David Johnson",46,2553435,"RB",2016,"Brandon"
927,"Robert Griffin III",6,2533033,"QB",2016,"Brandon"
917,"Matthew Stafford",30,79860,"QB",2016,"Brandon"
906,"Drew Brees",52,2504775,"QB",2016,"Brandon"
894,"Nelson Agholor",4,2552600,"WR",2015,"Brandon"
885,"Mike Wallace",10,2507763,"WR",2015,"Brandon"
882,"Jordan Matthews",12,2543500,"WR",2015,"Brandon"
861,"Greg Olsen",8,2495700,"TE",2015,"Brandon"
848,"Giovani Bernard",4,2540156,"RB",2015,"Brandon"
826,"Lesean McCoy",29,79607,"RB",2015,"Brandon"
819,"Le'Veon Bell",56,2540175,"RB",2015,"Brandon"
814,"Ryan Fitzpatrick",2,2506581,"QB",2015,"Brandon"
813,"Josh McCown",2,2505076,"QB",2015,"Brandon"
796,"Colin Kaepernick",24,2495186,"QB",2015,"Brandon"
774,"Julian Edelman",4,238498,"WR",2014,"Brandon"
718,"Marshawn Lynch",45,2495663,"RB",2014,"Brandon"
716,"Matt Forte",50,234,"RB",2014,"Brandon"
707,"Teddy Bridgewater",6,2543465,"QB",2014,"Brandon"
698,"Andy Dalton",28,2495143,"QB",2014,"Brandon"
689,"Matthew Stafford",56,79860,"QB",2014,"Brandon"
647,"Chris Ivory",10,2507999,"RB",2013,"Brandon"
632,"C.J. Spiller",49,497204,"RB",2013,"Brandon"
619,"Sam Bradford",20,497095,"QB",2013,"Brandon"
618,"Matt Schaub",21,2505982,"QB",2013,"Brandon"
